user_id	birth_year	zip_code	delivery_date	net_amount
45a9e3d5f5c9a	1980	361	2016-04-07	1580.01
45a9e3d5f5c9a	1980	361	2016-04-12	1070.39
45a9e3d5f5c9a	1980	361	2016-04-19	1150.3
45a9e3d5f5c9a	1980	361	2016-04-26	1660.33
45a9e3d5f5c9a	1980	361	2016-05-09	1193.33
45a9e3d5f5c9a	1980	361	2016-05-19	1075.24
45a9e3d5f5c9a	1980	361	2016-05-25	1171.07
45a9e3d5f5c9a	1980	361	2016-05-31	1238.16
45a9e3d5f5c9a	1980	361	2016-06-08	1173.56
45a9e3d5f5c9a	1980	361	2016-06-15	1384.78
45a9e3d5f5c9a	1980	361	2016-06-22	1492.58
45a9e3d5f5c9a	1980	361	2016-06-30	1631.56
d984d9355d6be	1963	3430	2016-06-01	176.82
d984d9355d6be	1963	3430	2016-06-06	280.61
6fa1e21254e36	1957	1170	2016-05-21	231.79
6fa1e21254e36	1957	1170	2016-05-27	249.9
6fa1e21254e36	1957	1170	2016-06-24	226.02
8693dd27a8291	1973	1152	2016-06-19	259.06
8693dd27a8291	1973	1152	2016-06-22	193.46
05c710c87ebfa	1996	367	2016-06-02	211.06
f910f99ccc64e	1948	256	2016-04-28	360.07
f910f99ccc64e	1948	256	2016-05-12	292.54
f910f99ccc64e	1948	256	2016-06-09	370.43
14fc5f5db883e	1981	1525	2016-04-13	398.15
14fc5f5db883e	1981	1525	2016-04-21	995.85
14fc5f5db883e	1981	1525	2016-05-03	302.67
14fc5f5db883e	1981	1525	2016-05-24	878.58
14fc5f5db883e	1981	1525	2016-06-23	1006.69
8cee1e3e49a09	1989	667	2016-04-01	206.68
8cee1e3e49a09	1989	667	2016-04-24	226.9
8cee1e3e49a09	1989	667	2016-05-04	568.56
8cee1e3e49a09	1989	667	2016-05-12	466.3
7ce1061027161	1982	461	2016-05-10	185.95
7ce1061027161	1982	461	2016-06-06	612.7
d7df1bc0dcb54	1980	1388	2016-04-13	1075.9
d7df1bc0dcb54	1980	1388	2016-04-28	1080.77
d7df1bc0dcb54	1980	1388	2016-05-10	726.43
d7df1bc0dcb54	1980	1388	2016-05-19	905.08
d7df1bc0dcb54	1980	1388	2016-06-02	1223.06
d7df1bc0dcb54	1980	1388	2016-06-10	1614.67
c332c5c641beb	1983	1266	2016-04-06	407.82
63c9adc6d7318	1975	767	2016-04-12	1366.69
63c9adc6d7318	1975	767	2016-04-27	1527.27
63c9adc6d7318	1975	767	2016-05-24	532.18
63c9adc6d7318	1975	767	2016-06-02	896.48
63c9adc6d7318	1975	767	2016-06-19	1110.95
17f0ac9f91fee	1988	260	2016-05-27	554.28
17f0ac9f91fee	1988	260	2016-06-14	343.62
90e7702fbd9ad	1981	790	2016-04-19	685.54
90e7702fbd9ad	1981	790	2016-04-25	654.7
90e7702fbd9ad	1981	790	2016-05-20	907.21
90e7702fbd9ad	1981	790	2016-06-03	344.59
90e7702fbd9ad	1981	790	2016-06-07	499.09
4eb070740ca4f	1988	360	2016-04-03	162.76
4eb070740ca4f	1988	360	2016-04-14	138.85
4eb070740ca4f	1988	360	2016-04-27	256.77
4eb070740ca4f	1988	360	2016-05-05	135.21
4eb070740ca4f	1988	360	2016-05-11	113.63
4eb070740ca4f	1988	360	2016-05-22	173.3
4eb070740ca4f	1988	360	2016-05-20	191.2
4eb070740ca4f	1988	360	2016-05-22	46.69
4eb070740ca4f	1988	360	2016-05-27	172.41
4eb070740ca4f	1988	360	2016-05-28	141.68
4eb070740ca4f	1988	360	2016-05-29	78.44
4eb070740ca4f	1988	360	2016-05-31	72.13
4eb070740ca4f	1988	360	2016-05-31	13.46
4eb070740ca4f	1988	360	2016-06-03	79.6
4eb070740ca4f	1988	360	2016-06-03	89.24
4eb070740ca4f	1988	360	2016-06-03	21.23
4eb070740ca4f	1988	360	2016-06-04	43.96
4eb070740ca4f	1988	360	2016-06-05	83.9
4eb070740ca4f	1988	360	2016-06-06	29.6
4eb070740ca4f	1988	360	2016-06-07	39.48
4eb070740ca4f	1988	360	2016-06-07	151.45
4eb070740ca4f	1988	360	2016-06-09	156.78
4eb070740ca4f	1988	360	2016-06-10	47.73
4eb070740ca4f	1988	360	2016-06-10	65.75
4eb070740ca4f	1988	360	2016-06-11	171.23
4eb070740ca4f	1988	360	2016-06-12	31.67
4eb070740ca4f	1988	360	2016-06-13	70.02
4eb070740ca4f	1988	360	2016-06-14	259.08
4eb070740ca4f	1988	360	2016-06-14	44.41
4eb070740ca4f	1988	360	2016-06-18	182.55
4eb070740ca4f	1988	360	2016-06-17	126.54
4eb070740ca4f	1988	360	2016-06-19	58.24
4eb070740ca4f	1988	360	2016-06-21	82.42
4eb070740ca4f	1988	360	2016-06-23	30.56
4eb070740ca4f	1988	360	2016-06-23	11.86
4eb070740ca4f	1988	360	2016-06-25	76.42
4eb070740ca4f	1988	360	2016-06-26	170.25
4eb070740ca4f	1988	360	2016-06-28	49.44
4eb070740ca4f	1988	360	2016-06-30	39.26
037a6c6fec6ad	1979	1769	2016-04-11	838.19
0fc6cbb7b4a4d	1983	768	2016-06-23	730.8
3afc2aecc9fa6	1981	490	2016-04-17	1138.42
3afc2aecc9fa6	1981	490	2016-05-02	903.93
3afc2aecc9fa6	1981	490	2016-06-12	1305.66
3afc2aecc9fa6	1981	490	2016-06-21	1192.78
aa9d30af2cb4b	1985	1404	2016-04-21	1494.18
aa9d30af2cb4b	1985	1404	2016-06-04	1110.42
aa9d30af2cb4b	1985	1404	2016-06-18	1582.23
9a91a7b68f217	1976	751	2016-05-30	1058.45
9a91a7b68f217	1976	751	2016-06-08	510.94
a86208bd60f59	1986	595	2016-05-02	674.68
a86208bd60f59	1986	595	2016-05-09	539.14
a86208bd60f59	1986	595	2016-05-18	502.06
0ef66168b855f	1979	1781	2016-04-15	1068.74
0ef66168b855f	1979	1781	2016-04-27	645.8
0ef66168b855f	1979	1781	2016-05-05	613.77
0ef66168b855f	1979	1781	2016-05-12	557.24
0ef66168b855f	1979	1781	2016-05-19	439.88
0ef66168b855f	1979	1781	2016-06-02	767.26
0ef66168b855f	1979	1781	2016-06-16	790.59
0ef66168b855f	1979	1781	2016-06-30	740.91
df877e0c1e83a	1972	3209	2016-04-22	672.12
378801216804c	1982	1344	2016-04-06	651.69
378801216804c	1982	1344	2016-04-14	817.76
378801216804c	1982	1344	2016-04-19	964.5
378801216804c	1982	1344	2016-05-12	1842.76
378801216804c	1982	1344	2016-05-21	418.29
378801216804c	1982	1344	2016-05-26	1319.36
378801216804c	1982	1344	2016-06-07	1113.96
378801216804c	1982	1344	2016-06-13	984.36
378801216804c	1982	1344	2016-06-17	465.58
378801216804c	1982	1344	2016-06-21	790.19
378801216804c	1982	1344	2016-06-28	921.3
fda10b517f5b9	1948	268	2016-04-27	542.71
fda10b517f5b9	1948	268	2016-06-14	489.43
7ef0c427e36d3	1985	464	2016-05-03	564.8
2ab694971e368	1977	1430	2016-05-23	489.69
2ab694971e368	1977	1430	2016-05-25	503.26
2ab694971e368	1977	1430	2016-06-02	654.8
2ab694971e368	1977	1430	2016-06-09	515.4
2ab694971e368	1977	1430	2016-06-16	719.2
2ab694971e368	1977	1430	2016-06-24	685.72
beb7a9aecff96	1976	1086	2016-04-06	1753.99
beb7a9aecff96	1976	1086	2016-04-27	1423.39
beb7a9aecff96	1976	1086	2016-05-18	892.93
9bfbcda57c581	1981	287	2016-05-20	1006.81
9bfbcda57c581	1981	287	2016-05-31	446.18
9bfbcda57c581	1981	287	2016-06-07	941.69
9bfbcda57c581	1981	287	2016-06-16	931.48
9bfbcda57c581	1981	287	2016-06-21	954.37
4ccc7e1db7917	1985	166	2016-06-07	861.49
4ccc7e1db7917	1985	166	2016-06-16	686.24
b0ea60c77aadf	1977	3225	2016-05-12	225.21
9564b01ce3f7e	1970	1472	2016-04-12	616.44
9564b01ce3f7e	1970	1472	2016-05-02	492.15
9564b01ce3f7e	1970	1472	2016-05-06	517.3
9564b01ce3f7e	1970	1472	2016-05-13	748.22
9564b01ce3f7e	1970	1472	2016-06-07	608.29
5b3d15014a7c9	1984	1155	2016-04-12	357.85
5b3d15014a7c9	1984	1155	2016-05-02	529.59
5b3d15014a7c9	1984	1155	2016-05-10	418.15
5b3d15014a7c9	1984	1155	2016-05-29	544.49
5b3d15014a7c9	1984	1155	2016-06-21	360.08
086883c271c62	1977	1178	2016-05-27	1231.72
086883c271c62	1977	1178	2016-06-06	847.68
086883c271c62	1977	1178	2016-06-13	907.05
086883c271c62	1977	1178	2016-06-19	976.43
3da6d2a7f12a4	1977	1177	2016-04-15	842.49
3da6d2a7f12a4	1977	1177	2016-06-10	869.78
c0b886b184e73	1973	853	2016-06-08	663.27
c0b886b184e73	1973	853	2016-06-19	427.41
bc8e11b239baa	1988	354	2016-04-27	451.94
9fa2b36ef5394	1981	371	2016-04-07	1462.57
9fa2b36ef5394	1981	371	2016-05-11	1795.96
9fa2b36ef5394	1981	371	2016-06-01	1273.25
9fa2b36ef5394	1981	371	2016-06-09	1494.23
d38c39b65cfaa	1982	590	2016-04-04	828.01
d38c39b65cfaa	1982	590	2016-04-09	655.51
d38c39b65cfaa	1982	590	2016-04-21	609.14
d38c39b65cfaa	1982	590	2016-04-25	663.13
d38c39b65cfaa	1982	590	2016-05-09	697.95
d38c39b65cfaa	1982	590	2016-05-26	354.17
d38c39b65cfaa	1982	590	2016-06-13	378.55
f95b9c657f238	1980	1352	2016-06-20	460.76
e6e90314457a1	1970	376	2016-04-27	292.27
e6e90314457a1	1970	376	2016-06-10	186.37
3c72f70a862d8	1968	2014	2016-04-04	367.33
5d96d9bbc5b73	1986	953	2016-06-24	545.2
86a25439b6e93	1983	1930	2016-04-27	441.68
b4b0f63456dc0	1984	190	2016-05-12	232.84
b4b0f63456dc0	1984	190	2016-06-16	205.37
a84f4d9d5097f	1955	1383	2016-04-01	1155.34
a84f4d9d5097f	1955	1383	2016-04-08	909.18
a84f4d9d5097f	1955	1383	2016-04-19	1175.32
a84f4d9d5097f	1955	1383	2016-04-27	1376.03
a84f4d9d5097f	1955	1383	2016-05-06	1196.96
a84f4d9d5097f	1955	1383	2016-06-03	1553.17
a84f4d9d5097f	1955	1383	2016-06-11	1399.16
2e067c741950c	1933	674	2016-04-27	219.61
2e067c741950c	1933	674	2016-06-10	489.96
2e067c741950c	1933	674	2016-06-23	293.44
aa3f1ff7a864e	1993	1454	2016-06-02	812.62
7a48fcf4cddac	1977	595	2016-05-26	458.1
7a48fcf4cddac	1977	595	2016-06-11	406.77
e39abd7af62bb	1967	673	2016-04-01	916.04
e39abd7af62bb	1967	673	2016-04-08	1022.59
e39abd7af62bb	1967	673	2016-04-15	1344.11
bbc4856a5ebfd	1985	1369	2016-04-20	763.49
bbc4856a5ebfd	1985	1369	2016-04-26	889.97
c2ec5559fc309	1979	1860	2016-04-29	1092.68
c2ec5559fc309	1979	1860	2016-05-04	410.91
c2ec5559fc309	1979	1860	2016-05-20	343.18
99be56d7f7142	1980	588	2016-04-04	795.69
99be56d7f7142	1980	588	2016-04-25	367.94
99be56d7f7142	1980	588	2016-05-30	720.71
d83dc47eb1fdd	1978	1453	2016-04-04	499.34
2fb978fb081f4	1984	375	2016-05-25	185.5
2fb978fb081f4	1984	375	2016-06-01	342.1
2fb978fb081f4	1984	375	2016-06-13	259.66
1ae60ae474df3	1958	1400	2016-04-22	478.88
1ae60ae474df3	1958	1400	2016-05-11	346.06
1ae60ae474df3	1958	1400	2016-05-24	363.13
1ae60ae474df3	1958	1400	2016-06-08	304.07
c1f083db9ee81	1927	489	2016-04-08	541.6
c1f083db9ee81	1927	489	2016-05-13	522.85
c1f083db9ee81	1927	489	2016-06-17	1576.07
1c346c7ec420c	1953	1473	2016-05-13	2250.72
1c346c7ec420c	1953	1473	2016-05-21	1629
50397505afca5	1979	1472	2016-05-25	689.4
50397505afca5	1979	1472	2016-05-30	1065.19
50397505afca5	1979	1472	2016-06-06	1009.88
50397505afca5	1979	1472	2016-06-13	982.74
50397505afca5	1979	1472	2016-06-20	1141.32
cba3c857c4c95	1982	168	2016-06-16	207.79
37a0f2955b34a	1979	1165	2016-04-11	447.57
37a0f2955b34a	1979	1165	2016-04-18	490.86
37a0f2955b34a	1979	1165	2016-04-25	318.75
37a0f2955b34a	1979	1165	2016-05-02	462.7
37a0f2955b34a	1979	1165	2016-05-09	590.02
37a0f2955b34a	1979	1165	2016-05-23	323.32
37a0f2955b34a	1979	1165	2016-05-30	932.37
37a0f2955b34a	1979	1165	2016-06-06	546.84
37a0f2955b34a	1979	1165	2016-06-20	582.55
8b3ae9c652694	1989	683	2016-04-18	910.06
8b3ae9c652694	1989	683	2016-04-25	709.59
8b3ae9c652694	1989	683	2016-05-04	562.18
8b3ae9c652694	1989	683	2016-05-20	692.34
b70cedbabed49	1982	667	2016-04-27	428.08
b70cedbabed49	1982	667	2016-05-13	725.92
b70cedbabed49	1982	667	2016-05-26	530.17
b70cedbabed49	1982	667	2016-05-29	396.4
b70cedbabed49	1982	667	2016-06-16	359.1
b7fab5a6b14e1	1966	3188	2016-04-05	768.7
b7fab5a6b14e1	1966	3188	2016-04-11	620.62
b7fab5a6b14e1	1966	3188	2016-04-18	562.14
6146c877a1d07	1985	468	2016-06-27	606
ba9a2d74ac11d	1978	1339	2016-04-29	348.37
c1722961723fb	1971	374	2016-04-09	944.06
c1722961723fb	1971	374	2016-04-22	868.29
c1722961723fb	1971	374	2016-06-06	937.37
765066436a3cf	1976	2150	2016-04-06	1215.56
765066436a3cf	1976	2150	2016-04-18	1446.45
765066436a3cf	1976	2150	2016-04-28	919.79
765066436a3cf	1976	2150	2016-05-24	1041.99
4f416b2632a12	1983	1176	2016-05-30	850.18
537e42864b1cf	1982	1350	2016-04-03	376.49
537e42864b1cf	1982	1350	2016-04-17	1199.39
537e42864b1cf	1982	1350	2016-05-03	473.77
537e42864b1cf	1982	1350	2016-06-03	565.71
537e42864b1cf	1982	1350	2016-06-12	1739.21
12d5d4a6e31d5	1981	1482	2016-05-13	1785.66
12d5d4a6e31d5	1981	1482	2016-05-20	1051.75
12d5d4a6e31d5	1981	1482	2016-05-27	1032.45
12d5d4a6e31d5	1981	1482	2016-06-03	1386.28
12d5d4a6e31d5	1981	1482	2016-06-10	1633.04
12d5d4a6e31d5	1981	1482	2016-06-13	33.16
12d5d4a6e31d5	1981	1482	2016-06-21	574.42
ef506904e0770	1980	1361	2016-06-20	243.96
6d3f9faaf80af	1986	470	2016-04-04	442.27
6a29ad1cb3c3e	1978	1912	2016-04-22	1205.04
6a29ad1cb3c3e	1978	1912	2016-04-29	859.91
6a29ad1cb3c3e	1978	1912	2016-05-06	967.33
6a29ad1cb3c3e	1978	1912	2016-05-26	1102.26
6a29ad1cb3c3e	1978	1912	2016-06-03	995.34
670267f327402	1978	1406	2016-04-04	703
670267f327402	1978	1406	2016-04-11	727.28
670267f327402	1978	1406	2016-04-18	465.27
670267f327402	1978	1406	2016-04-25	640.41
670267f327402	1978	1406	2016-05-10	1249.55
670267f327402	1978	1406	2016-06-07	720.57
681be9994cbaa	1986	360	2016-04-06	750.17
5e7b3b9b42b39	1968	1358	2016-04-02	1870.88
5e7b3b9b42b39	1968	1358	2016-04-06	634.58
5e7b3b9b42b39	1968	1358	2016-04-13	1392.38
5e7b3b9b42b39	1968	1358	2016-04-16	677.55
5e7b3b9b42b39	1968	1358	2016-04-20	1886.91
5e7b3b9b42b39	1968	1358	2016-04-26	2043.55
5e7b3b9b42b39	1968	1358	2016-05-05	2035.75
5e7b3b9b42b39	1968	1358	2016-05-13	2375.85
5e7b3b9b42b39	1968	1358	2016-05-24	1393.59
5e7b3b9b42b39	1968	1358	2016-05-31	1245.76
5e7b3b9b42b39	1968	1358	2016-06-10	2063.95
5e7b3b9b42b39	1968	1358	2016-06-18	1226.3
5e7b3b9b42b39	1968	1358	2016-06-29	2877.62
a7a4f08123ee7	1983	1628	2016-04-19	782.22
455659b599852	1984	274	2016-06-22	384.06
3e74760dc06ed	1983	255	2016-05-25	412.66
3e74760dc06ed	1983	255	2016-06-16	154.72
3e74760dc06ed	1983	255	2016-06-26	174.91
1f3839f318cf3	1976	484	2016-06-16	565.67
1f3839f318cf3	1976	484	2016-06-27	569.69
79cb6872d3042	1972	284	2016-05-22	319.96
79cb6872d3042	1972	284	2016-05-29	162.87
79cb6872d3042	1972	284	2016-06-26	216.17
f8e03b7f7e49d	1957	678	2016-04-13	1527.77
f8e03b7f7e49d	1957	678	2016-05-11	942.62
f8e03b7f7e49d	1957	678	2016-05-23	523.45
f8e03b7f7e49d	1957	678	2016-06-16	847.15
6c2061b2b0137	1971	266	2016-04-05	240.86
6c2061b2b0137	1971	266	2016-05-18	175.44
2b021e56df27a	1982	356	2016-04-10	176.91
10612de547e22	1989	1353	2016-04-01	440.03
10612de547e22	1989	1353	2016-05-04	537.21
10612de547e22	1989	1353	2016-05-13	935.99
10612de547e22	1989	1353	2016-05-28	840.49
10612de547e22	1989	1353	2016-06-16	344.1
10612de547e22	1989	1353	2016-06-21	193.26
fb028188ed8fd	1986	253	2016-04-09	596.45
fb028188ed8fd	1986	253	2016-06-16	1561.15
655a78e377d0e	1983	1388	2016-04-11	1142.6
655a78e377d0e	1983	1388	2016-04-18	1023.43
655a78e377d0e	1983	1388	2016-05-02	615.16
655a78e377d0e	1983	1388	2016-05-13	1096.29
655a78e377d0e	1983	1388	2016-05-30	784.69
655a78e377d0e	1983	1388	2016-06-05	796.7
655a78e377d0e	1983	1388	2016-06-14	692.91
655a78e377d0e	1983	1388	2016-06-19	778.61
655a78e377d0e	1983	1388	2016-06-26	703.75
bbad412011f25	1985	2006	2016-04-11	659.35
bbad412011f25	1985	2006	2016-06-08	639.25
bbad412011f25	1985	2006	2016-06-17	862.32
bbad412011f25	1985	2006	2016-06-23	745.24
de06f2bebf6dd	1976	572	2016-06-09	233.64
de06f2bebf6dd	1976	572	2016-06-16	280.25
1b1b077485737	1976	571	2016-04-05	231.93
3968a96a33d7b	1974	691	2016-04-28	672.71
3968a96a33d7b	1974	691	2016-05-13	511.24
3968a96a33d7b	1974	691	2016-05-25	532.53
22745f61859df	1970	980	2016-04-08	480.01
22745f61859df	1970	980	2016-04-22	753.88
22745f61859df	1970	980	2016-05-31	358.93
c4426b71c5649	1985	360	2016-04-22	404.57
0120e71403b7a	1963	1540	2016-04-07	422.82
0120e71403b7a	1963	1540	2016-04-14	335.17
7ec8a40560be4	1992	969	2016-04-07	327.66
7ec8a40560be4	1992	969	2016-04-14	387.35
7ec8a40560be4	1992	969	2016-04-21	542
7ec8a40560be4	1992	969	2016-04-28	345.71
7ec8a40560be4	1992	969	2016-05-05	349.57
7ec8a40560be4	1992	969	2016-06-06	335.92
7ec8a40560be4	1992	969	2016-06-13	197.21
7ec8a40560be4	1992	969	2016-06-24	336.25
bb219f737d75b	1977	473	2016-04-09	852.64
bb219f737d75b	1977	473	2016-04-23	873.28
bb219f737d75b	1977	473	2016-05-02	631.17
bb219f737d75b	1977	473	2016-05-20	563.86
bb219f737d75b	1977	473	2016-06-05	732.56
bb219f737d75b	1977	473	2016-06-19	788.86
2d0d046f30eab	1982	750	2016-06-07	421.32
2d0d046f30eab	1982	750	2016-06-11	527.81
2d0d046f30eab	1982	750	2016-06-15	218.61
2d0d046f30eab	1982	750	2016-06-22	633
f4195cb3e4823	1923	1384	2016-04-24	536.82
f4195cb3e4823	1923	1384	2016-05-23	706.42
f4195cb3e4823	1923	1384	2016-06-29	462.54
7677351300f26	1979	1358	2016-04-16	469.36
300847d5c35df	1968	786	2016-04-13	491.84
22c21919aac41	1929	960	2016-04-04	155.69
22c21919aac41	1929	960	2016-04-21	328.98
22c21919aac41	1929	960	2016-04-27	160.18
22c21919aac41	1929	960	2016-05-20	380.47
22c21919aac41	1929	960	2016-06-01	133.77
22c21919aac41	1929	960	2016-06-15	276.23
22c21919aac41	1929	960	2016-06-25	198.11
628273789d7ea	1996	2008	2016-04-29	144.1
628273789d7ea	1996	2008	2016-05-04	237.33
628273789d7ea	1996	2008	2016-05-31	240.95
628273789d7ea	1996	2008	2016-06-16	213.84
628273789d7ea	1996	2008	2016-06-21	234.5
f9c1b85f5a7d1	1984	262	2016-05-11	1266.21
f9c1b85f5a7d1	1984	262	2016-06-12	1127.53
5bc4ae362c836	1985	3714	2016-04-06	588.13
5bc4ae362c836	1985	3714	2016-04-12	530.42
5bc4ae362c836	1985	3714	2016-05-12	378.99
5bc4ae362c836	1985	3714	2016-05-18	236.15
0e149e4fb04aa	1984	579	2016-06-02	476.13
40cbe370b9fdb	1989	381	2016-05-06	265.92
e249d70405d8d	1979	192	2016-04-06	816.94
e249d70405d8d	1979	192	2016-04-22	821.91
e249d70405d8d	1979	192	2016-05-06	1040.28
e249d70405d8d	1979	192	2016-05-19	904.34
e249d70405d8d	1979	192	2016-05-30	941.35
e249d70405d8d	1979	192	2016-06-11	922.71
e249d70405d8d	1979	192	2016-06-27	874.48
db6261c93be7b	1980	1560	2016-04-13	2465.07
0179d3335bff3	1976	1366	2016-06-20	272.52
7cfb9d8f7a90f	1979	1164	2016-04-14	113.3
7cfb9d8f7a90f	1979	1164	2016-04-19	336.31
7cfb9d8f7a90f	1979	1164	2016-05-10	484.43
7cfb9d8f7a90f	1979	1164	2016-05-23	360.47
65ad210c0bb0c	1976	1367	2016-05-27	559
39759b18b71da	1972	491	2016-04-20	1267.74
39759b18b71da	1972	491	2016-04-29	642.17
39759b18b71da	1972	491	2016-05-11	1244.18
39759b18b71da	1972	491	2016-05-21	996.57
39759b18b71da	1972	491	2016-05-30	1167.31
39759b18b71da	1972	491	2016-06-16	891.62
41d236711e31b	1983	1920	2016-06-16	792.03
5306255956b67	1981	1169	2016-06-03	1072.92
5306255956b67	1981	1169	2016-06-13	462.71
c26e9daf20256	1971	1367	2016-06-15	507.08
c26e9daf20256	1971	1367	2016-06-22	521.79
e14afdb9db838	1978	489	2016-05-25	626.72
2cd2ab219fb6c	1995	372	2016-04-07	493.81
2cd2ab219fb6c	1995	372	2016-05-12	417.22
626281537e80b	1978	1157	2016-04-01	248.63
c9b4bbb81aabc	1975	1257	2016-04-04	998.5
c9b4bbb81aabc	1975	1257	2016-04-11	855.62
c9b4bbb81aabc	1975	1257	2016-04-17	796.07
c9b4bbb81aabc	1975	1257	2016-04-26	820.72
c9b4bbb81aabc	1975	1257	2016-05-30	826.8
f796bd4bf52ab	1988	187	2016-04-29	491.17
fbdac6831b323	1978	2007	2016-04-26	346.64
f4625bb822383	1984	379	2016-06-27	496
e1da44f361c85	1976	1344	2016-04-05	1063.4
e1da44f361c85	1976	1344	2016-04-15	1027.59
e1da44f361c85	1976	1344	2016-05-30	667.94
7aa01e23c104e	1983	490	2016-04-26	1429.22
85947e865ad82	1987	3300	2016-04-26	367.94
fec961ca7f63a	1979	364	2016-05-11	677.1
fec961ca7f63a	1979	364	2016-05-31	1053.43
649ca12dee919	1972	1397	2016-04-08	817.02
649ca12dee919	1972	1397	2016-04-22	745.3
649ca12dee919	1972	1397	2016-04-29	1390.09
649ca12dee919	1972	1397	2016-05-04	1996.41
649ca12dee919	1972	1397	2016-05-10	1552.02
649ca12dee919	1972	1397	2016-05-31	1389.61
649ca12dee919	1972	1397	2016-06-08	1323.95
649ca12dee919	1972	1397	2016-06-27	1373.67
c27a4aaf9b19c	1981	690	2016-04-07	1115.78
c27a4aaf9b19c	1981	690	2016-04-18	1204.88
c27a4aaf9b19c	1981	690	2016-04-27	1570.1
c27a4aaf9b19c	1981	690	2016-05-03	1403.09
c27a4aaf9b19c	1981	690	2016-05-13	1217.67
c27a4aaf9b19c	1981	690	2016-05-26	1610.69
c27a4aaf9b19c	1981	690	2016-06-04	835.24
c27a4aaf9b19c	1981	690	2016-06-15	809.88
c27a4aaf9b19c	1981	690	2016-06-21	921.21
2c3841ce210bc	1943	1338	2016-05-22	517.3
2c3841ce210bc	1943	1338	2016-05-27	948.82
2c3841ce210bc	1943	1338	2016-06-03	865.79
2c3841ce210bc	1943	1338	2016-06-13	780.78
2c3841ce210bc	1943	1338	2016-06-22	620.59
a3f1e59df8f48	1983	1164	2016-04-06	1204.75
a3f1e59df8f48	1983	1164	2016-04-13	1162.85
a3f1e59df8f48	1983	1164	2016-04-20	1140.79
a3f1e59df8f48	1983	1164	2016-04-27	1174.46
a3f1e59df8f48	1983	1164	2016-05-04	1338.19
a3f1e59df8f48	1983	1164	2016-05-11	950.76
a3f1e59df8f48	1983	1164	2016-05-20	1246.6
a3f1e59df8f48	1983	1164	2016-05-27	1068.68
a3f1e59df8f48	1983	1164	2016-06-02	1180.16
a3f1e59df8f48	1983	1164	2016-06-09	949.06
a3f1e59df8f48	1983	1164	2016-06-16	956
a3f1e59df8f48	1983	1164	2016-06-22	683.37
88e0c5323afd6	1989	1482	2016-04-29	544.85
88e0c5323afd6	1989	1482	2016-05-06	442.13
88e0c5323afd6	1989	1482	2016-05-18	369.58
1e43310fe3c94	1983	855	2016-04-05	779.94
1e43310fe3c94	1983	855	2016-04-08	387.83
1e43310fe3c94	1983	855	2016-04-13	645.21
1e43310fe3c94	1983	855	2016-04-20	1097.19
1e43310fe3c94	1983	855	2016-04-27	805.33
1e43310fe3c94	1983	855	2016-05-19	549.69
1e43310fe3c94	1983	855	2016-05-25	788.85
1e43310fe3c94	1983	855	2016-05-31	854.16
1e43310fe3c94	1983	855	2016-06-16	825.07
1e43310fe3c94	1983	855	2016-06-29	511.79
2eafd27c5a7ea	1966	681	2016-06-16	462.47
2eafd27c5a7ea	1966	681	2016-06-20	239.64
2eafd27c5a7ea	1966	681	2016-06-22	474.31
2eafd27c5a7ea	1966	681	2016-06-27	225.36
536c90e786619	1975	751	2016-04-08	1219.65
536c90e786619	1975	751	2016-04-15	1629.7
536c90e786619	1975	751	2016-04-22	1512.81
536c90e786619	1975	751	2016-04-29	1101.53
536c90e786619	1975	751	2016-05-05	1339.19
536c90e786619	1975	751	2016-05-14	1115.89
536c90e786619	1975	751	2016-05-21	798
536c90e786619	1975	751	2016-05-25	1644.98
536c90e786619	1975	751	2016-06-01	1923.86
536c90e786619	1975	751	2016-06-07	1560.03
536c90e786619	1975	751	2016-06-13	2015.16
536c90e786619	1975	751	2016-06-21	1727.2
536c90e786619	1975	751	2016-06-28	1703.23
c9f9520a42cab	1988	468	2016-06-02	460.87
c9067ab1a89fe	1984	2312	2016-04-04	809.68
c9067ab1a89fe	1984	2312	2016-04-11	1078.28
c9067ab1a89fe	1984	2312	2016-04-18	1073.01
c9067ab1a89fe	1984	2312	2016-05-12	952.49
37baf165ea311	1980	2080	2016-06-24	844.92
5d66340bb3606	1985	755	2016-04-07	1187.05
5d66340bb3606	1985	755	2016-04-14	1147.74
5d66340bb3606	1985	755	2016-04-27	1016.77
5d66340bb3606	1985	755	2016-05-10	1181.79
5d66340bb3606	1985	755	2016-05-25	493.73
5d66340bb3606	1985	755	2016-06-11	923.57
4fa50aafb9dbb	1959	1664	2016-04-08	448.71
4fa50aafb9dbb	1959	1664	2016-04-19	616.21
4fa50aafb9dbb	1959	1664	2016-04-27	1061.05
4fa50aafb9dbb	1959	1664	2016-05-05	492.25
4fa50aafb9dbb	1959	1664	2016-05-13	424.13
4fa50aafb9dbb	1959	1664	2016-05-25	493.39
4fa50aafb9dbb	1959	1664	2016-05-30	524.72
4fa50aafb9dbb	1959	1664	2016-06-15	412.22
4fa50aafb9dbb	1959	1664	2016-06-22	700.45
4e124dd18d8b3	1981	1396	2016-05-14	874.85
724a06e979280	1964	1353	2016-06-08	170.21
3552b9a371476	1979	283	2016-04-08	1119.35
3552b9a371476	1979	283	2016-04-13	1083.65
3552b9a371476	1979	283	2016-05-18	843.2
3552b9a371476	1979	283	2016-05-26	1059.39
3552b9a371476	1979	283	2016-06-13	1277.94
e5018b6afdeeb	1981	485	2016-04-28	721.7
e5018b6afdeeb	1981	485	2016-05-06	714.41
e5018b6afdeeb	1981	485	2016-05-18	749.87
e5018b6afdeeb	1981	485	2016-05-26	495.47
e5018b6afdeeb	1981	485	2016-06-08	767.02
e5018b6afdeeb	1981	485	2016-06-21	717.28
3646c07c21df2	1980	1405	2016-06-15	752.64
3646c07c21df2	1980	1405	2016-06-20	487.93
3646c07c21df2	1980	1405	2016-06-27	576.7
edb84b7b162bf	1954	678	2016-05-27	756.13
edb84b7b162bf	1954	678	2016-06-28	842.37
76ad202c09019	1980	382	2016-04-06	1059.39
76ad202c09019	1980	382	2016-04-27	1148.51
76ad202c09019	1980	382	2016-05-10	1212.99
8b7f389fe053c	1935	960	2016-04-12	406.25
8b7f389fe053c	1935	960	2016-04-26	357
8b7f389fe053c	1935	960	2016-06-02	406.82
8b7f389fe053c	1935	960	2016-06-27	546.22
24dfaf4f93e71	1971	787	2016-04-19	643.69
24dfaf4f93e71	1971	787	2016-04-25	791.92
24dfaf4f93e71	1971	787	2016-05-30	930.62
24dfaf4f93e71	1971	787	2016-06-27	1278.37
d17e0ded32602	1981	3050	2016-04-07	792.78
d17e0ded32602	1981	3050	2016-04-14	1120.82
d17e0ded32602	1981	3050	2016-04-28	947.84
d17e0ded32602	1981	3050	2016-05-25	1252.51
d17e0ded32602	1981	3050	2016-06-09	980.46
a4cf4c95c15c7	1979	274	2016-05-29	1091.85
a4cf4c95c15c7	1979	274	2016-06-03	696.61
a4cf4c95c15c7	1979	274	2016-06-14	1036.39
a4cf4c95c15c7	1979	274	2016-06-21	398.43
ec08da400d76d	1980	1357	2016-04-06	836.48
ec08da400d76d	1980	1357	2016-04-12	835.02
ec08da400d76d	1980	1357	2016-04-18	671.05
ec08da400d76d	1980	1357	2016-04-25	817.19
ec08da400d76d	1980	1357	2016-05-13	593.86
ec08da400d76d	1980	1357	2016-05-23	942.21
ec08da400d76d	1980	1357	2016-06-07	666.91
3e57b7534a3b8	1957	1640	2016-05-13	621.53
676dc4f2e1071	1967	874	2016-04-11	298.6
676dc4f2e1071	1967	874	2016-05-04	475.73
676dc4f2e1071	1967	874	2016-06-06	270.19
676dc4f2e1071	1967	874	2016-06-29	254.69
9b477e4425046	1983	768	2016-05-08	421.16
9082d4d569573	1974	788	2016-04-02	624.44
9082d4d569573	1974	788	2016-04-10	572.56
9082d4d569573	1974	788	2016-04-17	696.79
9082d4d569573	1974	788	2016-04-24	580.26
9082d4d569573	1974	788	2016-04-30	654.36
9082d4d569573	1974	788	2016-05-08	573.97
9082d4d569573	1974	788	2016-05-22	607.74
9082d4d569573	1974	788	2016-05-29	441.45
9082d4d569573	1974	788	2016-06-03	726.05
9082d4d569573	1974	788	2016-06-13	434.72
9082d4d569573	1974	788	2016-06-18	477.56
265ae3af1a0a2	1974	586	2016-05-23	404.63
c9346f8701ab5	1983	1367	2016-04-04	849.56
c9346f8701ab5	1983	1367	2016-04-11	1140.29
c9346f8701ab5	1983	1367	2016-04-18	882.29
83c13b0a067c7	1983	874	2016-04-06	637.03
83c13b0a067c7	1983	874	2016-04-19	801.82
83c13b0a067c7	1983	874	2016-04-28	559.48
83c13b0a067c7	1983	874	2016-05-23	775.34
83c13b0a067c7	1983	874	2016-05-30	780.36
83c13b0a067c7	1983	874	2016-06-13	774.35
83c13b0a067c7	1983	874	2016-06-22	779.24
87acd144678a0	1978	1407	2016-04-05	499.16
87acd144678a0	1978	1407	2016-04-11	479.84
87acd144678a0	1978	1407	2016-04-15	593.48
87acd144678a0	1978	1407	2016-04-20	588.88
87acd144678a0	1978	1407	2016-05-04	576.65
87acd144678a0	1978	1407	2016-05-14	1034.61
87acd144678a0	1978	1407	2016-06-21	600.46
43e2dfc85db6d	1976	1181	2016-05-09	1259
43e2dfc85db6d	1976	1181	2016-05-19	631.27
43e2dfc85db6d	1976	1181	2016-06-10	667.97
43e2dfc85db6d	1976	1181	2016-06-20	1053.46
5fa383620ee8c	1974	467	2016-05-06	1077.57
921d060e87361	1986	684	2016-04-11	505.87
921d060e87361	1986	684	2016-04-19	499.95
921d060e87361	1986	684	2016-04-26	486.24
921d060e87361	1986	684	2016-05-02	484.89
921d060e87361	1986	684	2016-05-09	488.55
921d060e87361	1986	684	2016-05-23	459.1
870088bbe9352	1983	2019	2016-05-04	539.58
870088bbe9352	1983	2019	2016-06-13	548.42
870088bbe9352	1983	2019	2016-06-21	637.96
ec4ae89337b21	1980	2015	2016-04-15	602.89
ec4ae89337b21	1980	2015	2016-05-19	874.04
ec4ae89337b21	1980	2015	2016-06-02	753.56
ec4ae89337b21	1980	2015	2016-06-14	616.42
7af5d6875f022	1973	1350	2016-04-18	870.64
7af5d6875f022	1973	1350	2016-05-29	186.03
2ee5a5e624f45	1972	1930	2016-04-20	231.94
2ee5a5e624f45	1972	1930	2016-04-27	387.16
2ee5a5e624f45	1972	1930	2016-05-18	337.38
2ee5a5e624f45	1972	1930	2016-06-22	359.94
a2e07aa0df5b3	1988	1405	2016-04-18	558.24
a2e07aa0df5b3	1988	1405	2016-05-09	328.32
a2e07aa0df5b3	1988	1405	2016-06-16	350.57
c3a706d3eab3d	1969	1358	2016-04-03	1479.09
c3a706d3eab3d	1969	1358	2016-05-02	1396.05
c3a706d3eab3d	1969	1358	2016-05-11	697.27
8d7c37b57039c	1982	1353	2016-05-30	296.11
8d7c37b57039c	1982	1353	2016-06-13	180.39
1d7260e82c50e	1987	257	2016-04-08	967.32
1d7260e82c50e	1987	257	2016-05-04	687.99
1d7260e82c50e	1987	257	2016-05-12	2351.34
ce1b039197027	1982	785	2016-05-04	575.75
1de4cff132933	1985	3737	2016-04-08	0
1de4cff132933	1985	3737	2016-04-14	525.97
1de4cff132933	1985	3737	2016-04-27	628
1de4cff132933	1985	3737	2016-05-04	480.73
1de4cff132933	1985	3737	2016-05-12	700.36
1de4cff132933	1985	3737	2016-05-27	805.74
1de4cff132933	1985	3737	2016-06-02	1094.07
1de4cff132933	1985	3737	2016-06-16	565.34
1de4cff132933	1985	3737	2016-06-23	687.57
1de4cff132933	1985	3737	2016-06-30	552.49
94df1cd6fa390	1970	873	2016-04-27	230.73
94df1cd6fa390	1970	873	2016-04-28	578.34
94df1cd6fa390	1970	873	2016-05-10	375.04
94df1cd6fa390	1970	873	2016-06-07	949.58
438282e91f061	1979	778	2016-04-03	1012.73
438282e91f061	1979	778	2016-04-18	1022.44
438282e91f061	1979	778	2016-04-29	716.4
438282e91f061	1979	778	2016-05-08	973.13
438282e91f061	1979	778	2016-05-14	1123.94
438282e91f061	1979	778	2016-05-22	618.75
438282e91f061	1979	778	2016-05-31	694.07
438282e91f061	1979	778	2016-06-09	949.95
438282e91f061	1979	778	2016-06-15	952.07
438282e91f061	1979	778	2016-06-20	1191.98
438282e91f061	1979	778	2016-06-30	952.24
2746ec93a1b00	1976	1339	2016-06-26	181.46
12dfd56a82511	1967	689	2016-04-02	3121.92
12dfd56a82511	1967	689	2016-04-14	696.12
12dfd56a82511	1967	689	2016-06-14	641.23
8bdb7c40f3cab	1984	1387	2016-06-20	240.24
8bdb7c40f3cab	1984	1387	2016-06-27	525.17
66d53a37ef642	1957	287	2016-05-27	323.11
69a1d92cc917c	1981	376	2016-05-11	721.01
69a1d92cc917c	1981	376	2016-06-01	1164.52
e2091d3c390ce	1970	1386	2016-05-21	366.3
92a331f007120	1976	1352	2016-04-02	803.58
92a331f007120	1976	1352	2016-04-16	1120.01
92a331f007120	1976	1352	2016-04-28	991.14
92a331f007120	1976	1352	2016-05-06	1046.76
92a331f007120	1976	1352	2016-05-30	1332.94
92a331f007120	1976	1352	2016-06-08	699.95
92a331f007120	1976	1352	2016-06-20	1194.54
03f0048e775f7	1975	677	2016-05-30	909.54
03f0048e775f7	1975	677	2016-06-21	549.09
804a247f507a2	1978	360	2016-04-01	1884.52
804a247f507a2	1978	360	2016-04-21	930.56
39d172bbbae59	1981	1390	2016-05-02	872.96
39d172bbbae59	1981	1390	2016-05-09	783.96
39d172bbbae59	1981	1390	2016-05-19	814.83
39d172bbbae59	1981	1390	2016-06-02	635.13
39d172bbbae59	1981	1390	2016-06-24	808.48
2de63e8450b13	1978	2316	2016-04-25	482.51
2de63e8450b13	1978	2316	2016-05-25	889.99
2de63e8450b13	1978	2316	2016-06-13	745.71
499da3b21997b	1983	755	2016-05-28	399.37
d2d2ce9de0243	1989	552	2016-05-10	364.33
d2d2ce9de0243	1989	552	2016-05-18	297.73
d2d2ce9de0243	1989	552	2016-05-23	421.99
d2d2ce9de0243	1989	552	2016-05-30	317.81
d2d2ce9de0243	1989	552	2016-06-14	364.15
a4c73914d37a1	1984	574	2016-04-29	354.87
a4c73914d37a1	1984	574	2016-05-14	175.29
a4c73914d37a1	1984	574	2016-06-09	562.15
338ce107edf78	1975	981	2016-04-10	537.69
387441b133d66	1976	1397	2016-04-01	961.96
4a889331847e8	1980	1362	2016-04-06	960.99
4a889331847e8	1980	1362	2016-04-27	1143.62
4a889331847e8	1980	1362	2016-05-11	1520.73
4a889331847e8	1980	1362	2016-05-25	1270.31
4a889331847e8	1980	1362	2016-06-06	1472.46
08ab258a28437	1979	1470	2016-06-10	324.53
08ab258a28437	1979	1470	2016-06-17	271.93
e91831bbf4d6e	1949	1155	2016-04-03	366.61
e91831bbf4d6e	1949	1155	2016-04-27	228.7
e91831bbf4d6e	1949	1155	2016-05-18	199.68
e91831bbf4d6e	1949	1155	2016-05-20	239.55
e91831bbf4d6e	1949	1155	2016-06-22	244.66
14075e5e1fd76	1972	577	2016-04-08	771.32
14075e5e1fd76	1972	577	2016-04-29	740.32
14075e5e1fd76	1972	577	2016-05-09	498.62
14075e5e1fd76	1972	577	2016-06-10	268.23
14075e5e1fd76	1972	577	2016-06-17	744.88
e47e8779809fe	1979	1155	2016-04-05	801.57
e47e8779809fe	1979	1155	2016-04-12	449.32
e47e8779809fe	1979	1155	2016-04-18	647.67
e47e8779809fe	1979	1155	2016-04-25	665.91
e47e8779809fe	1979	1155	2016-06-01	384.34
904f3db832f7d	1920		2016-04-13	701.73
904f3db832f7d	1920		2016-05-02	560.25
904f3db832f7d	1920		2016-05-06	1417.14
904f3db832f7d	1920		2016-05-21	1164.59
904f3db832f7d	1920		2016-05-26	946.18
904f3db832f7d	1920		2016-06-09	2000.26
27b021690297a	1970	969	2016-04-07	984.05
27b021690297a	1970	969	2016-04-13	731.14
27b021690297a	1970	969	2016-05-07	480.28
27b021690297a	1970	969	2016-05-28	807.66
27b021690297a	1970	969	2016-06-04	293.27
27b021690297a	1970	969	2016-06-08	499.74
27b021690297a	1970	969	2016-06-23	219.09
27b021690297a	1970	969	2016-06-22	194.68
27b021690297a	1970	969	2016-06-21	543.28
908610faaa7cb	1988	2005	2016-04-11	419.98
908610faaa7cb	1988	2005	2016-04-18	498.12
908610faaa7cb	1988	2005	2016-04-25	417.49
2d6be168220c1	1966	1415	2016-04-18	626.65
2d6be168220c1	1966	1415	2016-05-12	984.56
b81680e03171f	1982	1178	2016-04-08	927.91
b81680e03171f	1982	1178	2016-04-22	988.12
b81680e03171f	1982	1178	2016-04-26	698.33
b81680e03171f	1982	1178	2016-05-05	888.22
b81680e03171f	1982	1178	2016-05-24	728.37
b81680e03171f	1982	1178	2016-06-03	654.07
b81680e03171f	1982	1178	2016-06-07	676.73
b81680e03171f	1982	1178	2016-06-12	665.84
b81680e03171f	1982	1178	2016-06-15	523.28
b81680e03171f	1982	1178	2016-06-18	847.72
b81680e03171f	1982	1178	2016-06-24	758.97
d430f09d59f62	1974	1390	2016-05-09	582.8
d430f09d59f62	1974	1390	2016-05-24	911.98
d430f09d59f62	1974	1390	2016-06-30	708.4
72c645ca83277	1971	669	2016-06-06	595.68
7e63b9dc7381e	1989	481	2016-06-06	734.34
0abac47379693	1987	667	2016-04-11	712.73
0abac47379693	1987	667	2016-04-19	478.55
0abac47379693	1987	667	2016-04-26	518.39
0abac47379693	1987	667	2016-05-03	370.13
0abac47379693	1987	667	2016-05-31	614.51
0abac47379693	1987	667	2016-06-20	590.63
0abac47379693	1987	667	2016-06-27	424.54
f03e2618bd865	1971	660	2016-04-06	71.66
f03e2618bd865	1971	660	2016-05-14	187.63
54734edc8bcd4	1975	3440	2016-05-28	185.55
54734edc8bcd4	1975	3440	2016-06-22	555.75
d524f6305aa74	1988	1482	2016-04-30	272.74
d524f6305aa74	1988	1482	2016-05-24	444.73
cc8ce994958ae	1992	1283	2016-04-18	288.29
cc8ce994958ae	1992	1283	2016-04-24	429.91
05cac52a767e8	1982	881	2016-05-04	1299.95
05cac52a767e8	1982	881	2016-05-09	815.81
05cac52a767e8	1982	881	2016-05-25	971.8
05cac52a767e8	1982	881	2016-06-05	1053.25
05cac52a767e8	1982	881	2016-06-14	372.95
05cac52a767e8	1982	881	2016-06-17	860.07
05cac52a767e8	1982	881	2016-06-26	758.54
9fea08d154d39	1974	790	2016-04-01	1496.54
9fea08d154d39	1974	790	2016-04-18	803.64
9fea08d154d39	1974	790	2016-04-22	1313.84
9fea08d154d39	1974	790	2016-04-27	835.52
9fea08d154d39	1974	790	2016-05-27	1302.1
9fea08d154d39	1974	790	2016-06-07	619.48
9fea08d154d39	1974	790	2016-06-17	1220.47
df9f0ae88ade7	1967	370	2016-04-04	973.09
df9f0ae88ade7	1967	370	2016-04-11	1138.35
df9f0ae88ade7	1967	370	2016-04-19	1138.17
df9f0ae88ade7	1967	370	2016-04-28	1051.11
df9f0ae88ade7	1967	370	2016-05-02	1139.01
df9f0ae88ade7	1967	370	2016-05-09	1709.22
df9f0ae88ade7	1967	370	2016-05-19	886.42
df9f0ae88ade7	1967	370	2016-05-23	1525.17
df9f0ae88ade7	1967	370	2016-05-28	927.17
df9f0ae88ade7	1967	370	2016-06-07	1409.28
df9f0ae88ade7	1967	370	2016-06-14	858.91
d5bbcdeb031be	1990	567	2016-05-25	434.23
33042ab755b05	1977	491	2016-04-06	177.82
33042ab755b05	1977	491	2016-06-24	1025.31
2ce0a97b1707d	1983	176	2016-05-07	1124.23
64423040db5e7	1977	951	2016-06-23	338.02
971ce8abe9eaa	1981	1363	2016-04-20	665.12
1bf93df044150	1977	851	2016-04-11	636.57
1bf93df044150	1977	851	2016-04-20	816.2
1bf93df044150	1977	851	2016-05-24	549.15
1bf93df044150	1977	851	2016-05-31	840.34
1bf93df044150	1977	851	2016-06-07	1103.35
1bf93df044150	1977	851	2016-06-30	1033.74
cfe1996eadcc4	1979	1364	2016-04-08	482.08
cfe1996eadcc4	1979	1364	2016-04-20	468.57
cfe1996eadcc4	1979	1364	2016-04-22	268.23
cfe1996eadcc4	1979	1364	2016-04-29	565.08
cfe1996eadcc4	1979	1364	2016-05-06	509.22
cfe1996eadcc4	1979	1364	2016-05-13	543.7
cfe1996eadcc4	1979	1364	2016-05-20	706.33
cfe1996eadcc4	1979	1364	2016-05-27	393.63
cfe1996eadcc4	1979	1364	2016-06-04	356.23
cfe1996eadcc4	1979	1364	2016-06-10	642.38
cfe1996eadcc4	1979	1364	2016-06-17	440.39
cfe1996eadcc4	1979	1364	2016-06-24	591.44
c1d2d68be48de	1986	1341	2016-05-20	1299.77
c1d2d68be48de	1986	1341	2016-05-28	657.99
c1d2d68be48de	1986	1341	2016-06-02	1009.49
bf00571213905	1990	168	2016-05-12	328.44
0f514d82344ac	1973	1353	2016-06-14	285.28
0f514d82344ac	1973	1353	2016-06-24	546.18
83d1949d8b1ff	1990	3080	2016-04-14	678.92
83d1949d8b1ff	1990	3080	2016-05-19	181.76
a29c7ee9bd666	1979	152	2016-05-23	525.09
9f11bcd271968	1974	584	2016-04-09	445.72
9f11bcd271968	1974	584	2016-04-23	558.17
9f11bcd271968	1974	584	2016-05-13	410.98
9f11bcd271968	1974	584	2016-05-23	455.91
9f11bcd271968	1974	584	2016-06-04	482.34
9f11bcd271968	1974	584	2016-06-13	567.4
9f11bcd271968	1974	584	2016-06-20	371.76
9f11bcd271968	1974	584	2016-06-28	437.4
2f176ee525e78	1982	1632	2016-04-04	612.78
2f176ee525e78	1982	1632	2016-04-14	820.33
2f176ee525e78	1982	1632	2016-04-25	905.49
2f176ee525e78	1982	1632	2016-05-02	859.87
2f176ee525e78	1982	1632	2016-05-06	684.34
2f176ee525e78	1982	1632	2016-05-13	1191.65
2f176ee525e78	1982	1632	2016-05-19	322.67
2f176ee525e78	1982	1632	2016-05-27	755.64
2f176ee525e78	1982	1632	2016-06-02	787.46
2f176ee525e78	1982	1632	2016-06-13	766.92
2f176ee525e78	1982	1632	2016-06-22	868.49
1a145bfc8f853	1968	1400	2016-04-04	664.02
1a145bfc8f853	1968	1400	2016-04-11	555.18
1a145bfc8f853	1968	1400	2016-04-18	261.01
af4189d6fa12c	1991	265	2016-05-11	201.85
aaa1e1fc9e0b4	1983	3221	2016-05-13	847.02
d4551f751d850	1987	1570	2016-06-02	1085.68
c1acc3d5294c3	1985	1412	2016-04-14	750.03
fb4a0e2a50eb8	1973	258	2016-04-25	1028.75
fb4a0e2a50eb8	1973	258	2016-05-02	815.79
fb4a0e2a50eb8	1973	258	2016-05-10	1023.17
fb4a0e2a50eb8	1973	258	2016-05-24	551.07
fb4a0e2a50eb8	1973	258	2016-05-27	1460.14
fb4a0e2a50eb8	1973	258	2016-06-15	756.79
fb4a0e2a50eb8	1973	258	2016-06-21	628.49
4db0fc4fc1846	1990	1158	2016-04-04	422.93
4db0fc4fc1846	1990	1158	2016-05-03	226.53
4db0fc4fc1846	1990	1158	2016-05-30	204.85
4db0fc4fc1846	1990	1158	2016-06-24	419.37
51d0b9a4df5a3	1968	2010	2016-06-02	271.35
04d0600923da0	1981	953	2016-04-06	714.62
04d0600923da0	1981	953	2016-05-03	851.66
04d0600923da0	1981	953	2016-05-11	405.27
04d0600923da0	1981	953	2016-05-19	501.41
04d0600923da0	1981	953	2016-05-25	440.37
04d0600923da0	1981	953	2016-05-31	537.86
04d0600923da0	1981	953	2016-06-12	960.71
04d0600923da0	1981	953	2016-06-22	455.99
4a7449c893f1e	1982	755	2016-04-07	458.57
4a7449c893f1e	1982	755	2016-05-11	459.2
4a7449c893f1e	1982	755	2016-05-25	378.68
3f4fffe5fb56e	1980	2162	2016-04-27	903.29
3f4fffe5fb56e	1980	2162	2016-05-13	906.58
3f4fffe5fb56e	1980	2162	2016-06-21	584.83
6bf07808b6128	1986	1359	2016-05-07	289.96
a90a247ed9aa3	1966	1163	2016-04-13	431.63
a90a247ed9aa3	1966	1163	2016-05-19	185.58
842ae4f15a854	1985	353	2016-04-04	465.82
842ae4f15a854	1985	353	2016-05-11	168.06
842ae4f15a854	1985	353	2016-05-31	434.53
842ae4f15a854	1985	353	2016-06-10	614.47
e41231be21b15	1965	380	2016-04-01	1163.23
e41231be21b15	1965	380	2016-04-29	1147.41
e41231be21b15	1965	380	2016-06-01	1197.25
cafd3ed9bbd5d	1981	772	2016-04-05	687.38
cafd3ed9bbd5d	1981	772	2016-04-11	1359.55
cafd3ed9bbd5d	1981	772	2016-04-20	541.47
cafd3ed9bbd5d	1981	772	2016-04-26	678.71
cafd3ed9bbd5d	1981	772	2016-05-03	967.66
cafd3ed9bbd5d	1981	772	2016-05-12	1127.73
cafd3ed9bbd5d	1981	772	2016-06-28	805.2
6bcf2fe82c3c7	1977	1476	2016-04-14	328.69
6bcf2fe82c3c7	1977	1476	2016-05-10	547.31
6bcf2fe82c3c7	1977	1476	2016-06-08	312.95
37752b85ef7b0	1978	861	2016-04-22	524.03
37752b85ef7b0	1978	861	2016-04-29	550.74
37752b85ef7b0	1978	861	2016-05-13	612.06
37752b85ef7b0	1978	861	2016-05-22	860.58
7ce3a0d66811c	1966	2134	2016-04-08	411.69
599bf8183e545	1979	970	2016-04-19	683.14
599bf8183e545	1979	970	2016-04-28	879.68
599bf8183e545	1979	970	2016-05-09	266.3
599bf8183e545	1979	970	2016-05-24	600.73
599bf8183e545	1979	970	2016-06-15	482.71
599bf8183e545	1979	970	2016-06-25	697.26
2d96b22ed0e27	1975	776	2016-06-16	954.28
704a0acc2e65d	1988	1914	2016-04-22	352.9
704a0acc2e65d	1988	1914	2016-05-09	423.52
df27a08922c70	1974	1365	2016-04-12	661.95
afb0c9b715393	1989	1470	2016-06-16	489.56
222b32199a70f	1973	1406	2016-06-09	327.77
f16328b4aff10	1968	3030	2016-04-14	932.16
f16328b4aff10	1968	3030	2016-06-02	1158.18
9b2fba57e99be	1960	3112	2016-04-04	1072.3
9b2fba57e99be	1960	3112	2016-04-07	295.86
9b2fba57e99be	1960	3112	2016-05-10	221.17
9b2fba57e99be	1960	3112	2016-05-31	459.49
e5c6be6301c61	1974	873	2016-04-19	327.72
e5c6be6301c61	1974	873	2016-04-26	311.78
e5c6be6301c61	1974	873	2016-05-25	402.71
e5c6be6301c61	1974	873	2016-06-15	363.99
06d9880c038cf	1985	2019	2016-04-27	815.62
06d9880c038cf	1985	2019	2016-05-05	992.15
06d9880c038cf	1985	2019	2016-05-13	1157.48
06d9880c038cf	1985	2019	2016-05-25	1086.73
02cb0707450fd	1982	594	2016-04-06	784.86
02cb0707450fd	1982	594	2016-05-13	238.96
cf5e6a10bab0f	1966	1960	2016-04-08	371.37
cf5e6a10bab0f	1966	1960	2016-04-19	346.95
cf5e6a10bab0f	1966	1960	2016-05-11	441.91
cf5e6a10bab0f	1966	1960	2016-05-25	384.49
cf5e6a10bab0f	1966	1960	2016-06-08	351.18
cf5e6a10bab0f	1966	1960	2016-06-29	585.43
00a53811b9a16	1991	263	2016-06-22	243.5
9de029d9136c8	1984	2070	2016-06-09	663.98
67b6aa64169c3	1969	1164	2016-05-25	210.04
dc1e752d2b1c3	1992	457	2016-05-30	194.99
4fbf55b7af219	1978	1410	2016-06-07	621.72
4fbf55b7af219	1978	1410	2016-06-27	529.23
19271c810145c	1984	1395	2016-06-17	378.02
5cc0525768461	1983	684	2016-05-23	550.7
5cc0525768461	1983	684	2016-06-13	579.46
0d72ca98e674d	1975	1410	2016-04-01	757.04
0d72ca98e674d	1975	1410	2016-04-11	826.63
0d72ca98e674d	1975	1410	2016-04-25	562.93
84a56ac58d9d2	1970	767	2016-04-16	541.59
84a56ac58d9d2	1970	767	2016-04-30	796.85
84a56ac58d9d2	1970	767	2016-05-29	685.99
b8b041eeaf697	1983	1384	2016-04-01	803.66
b8b041eeaf697	1983	1384	2016-04-14	788.89
b8b041eeaf697	1983	1384	2016-04-22	641.71
b8b041eeaf697	1983	1384	2016-05-04	1084.29
b8b041eeaf697	1983	1384	2016-06-13	862.41
7a42f2759d564	1980	661	2016-04-20	1060.54
7a42f2759d564	1980	661	2016-04-28	908.65
6cea37527c816	1974	2312	2016-05-25	516.98
1ed5575285377	1969	1369	2016-04-04	664.54
1ed5575285377	1969	1369	2016-04-11	343.33
1ed5575285377	1969	1369	2016-04-18	501.45
1ed5575285377	1969	1369	2016-04-25	378.17
1ed5575285377	1969	1369	2016-05-09	519.65
712059d69702b	1976	1366	2016-05-13	636.96
e0fc2d08bade8	1939	281	2016-04-08	281.36
e0fc2d08bade8	1939	281	2016-04-20	270.57
e0fc2d08bade8	1939	281	2016-04-29	540.45
e0fc2d08bade8	1939	281	2016-05-11	294.1
e0fc2d08bade8	1939	281	2016-05-25	343.04
6dbbbdf4d1ae9	1986	1388	2016-04-07	755.18
6dbbbdf4d1ae9	1986	1388	2016-05-04	872.35
6dbbbdf4d1ae9	1986	1388	2016-05-11	889.55
6dbbbdf4d1ae9	1986	1388	2016-05-21	805.8
6dbbbdf4d1ae9	1986	1388	2016-05-25	548.31
6dbbbdf4d1ae9	1986	1388	2016-05-30	1989.59
6dbbbdf4d1ae9	1986	1388	2016-06-13	716.08
6dbbbdf4d1ae9	1986	1388	2016-06-28	981.26
90e1608f8255d	1972	1415	2016-04-15	482.06
90e1608f8255d	1972	1415	2016-05-25	218.1
90e1608f8255d	1972	1415	2016-05-31	382.95
90e1608f8255d	1972	1415	2016-06-13	520.23
7b39b4e73b20d	1975	575	2016-05-04	626.78
7b39b4e73b20d	1975	575	2016-06-21	502.21
6d9f44d8b413e	1963	1481	2016-04-20	200.07
ecf1819136818	1963	1476	2016-06-29	146.44
4100a2c7539f5	1987	673	2016-06-02	250.79
9bceee78027c2	1978	3925	2016-04-18	509.64
e21e02ff7f1c0	1981	665	2016-04-28	286.79
e21e02ff7f1c0	1981	665	2016-06-03	252.82
2d588023e4a93	1975	1356	2016-04-04	532.32
2d588023e4a93	1975	1356	2016-04-11	604.11
2d588023e4a93	1975	1356	2016-05-02	756.17
2d588023e4a93	1975	1356	2016-05-26	1137.83
2d588023e4a93	1975	1356	2016-06-01	537.41
2d588023e4a93	1975	1356	2016-06-13	483.67
5920ef01ad896	1973	1362	2016-04-03	1721.44
5920ef01ad896	1973	1362	2016-04-10	888.82
5920ef01ad896	1973	1362	2016-04-17	966.76
5920ef01ad896	1973	1362	2016-04-24	707.27
5920ef01ad896	1973	1362	2016-05-07	985.44
5920ef01ad896	1973	1362	2016-05-29	1104.76
5920ef01ad896	1973	1362	2016-06-06	866.94
5920ef01ad896	1973	1362	2016-06-12	962.54
5920ef01ad896	1973	1362	2016-06-19	914.61
5920ef01ad896	1973	1362	2016-06-25	1856.62
26f1d1c333603	1979	750	2016-04-20	353.87
26f1d1c333603	1979	750	2016-05-03	276.98
26f1d1c333603	1979	750	2016-05-08	404.3
26f1d1c333603	1979	750	2016-05-26	392.02
26f1d1c333603	1979	750	2016-05-31	418.29
26f1d1c333603	1979	750	2016-06-03	337.85
26f1d1c333603	1979	750	2016-06-12	192.24
26f1d1c333603	1979	750	2016-06-21	298.71
eed4b18d7db44	1984	379	2016-04-05	242.95
8137a34f11142	1974	972	2016-05-28	248.83
8137a34f11142	1974	972	2016-06-29	498.5
b3cf8abc7d216	1985	2056	2016-04-05	534.47
dbdb827153780	1989	380	2016-04-05	151.94
dbdb827153780	1989	380	2016-04-18	450.51
dbdb827153780	1989	380	2016-04-25	430.07
dbdb827153780	1989	380	2016-05-10	212.04
dbdb827153780	1989	380	2016-05-18	239.05
dbdb827153780	1989	380	2016-05-24	255.11
dbdb827153780	1989	380	2016-05-31	252.52
dbdb827153780	1989	380	2016-06-08	238.61
dbdb827153780	1989	380	2016-06-23	246.12
dbdb827153780	1989	380	2016-06-27	214.27
e7323b0455121	1987	379	2016-06-09	1146.1
b96fca2eb2f59	1978	1284	2016-05-21	1014.57
b96fca2eb2f59	1978	1284	2016-05-30	423.73
b96fca2eb2f59	1978	1284	2016-06-09	605.73
ac913bd1d6abc	1980	871	2016-04-04	660.45
ac913bd1d6abc	1980	871	2016-04-11	555.39
ac913bd1d6abc	1980	871	2016-04-19	472.12
ac913bd1d6abc	1980	871	2016-05-25	580.27
c66bfd1b2dc9f	1974	2005	2016-04-20	770.75
c66bfd1b2dc9f	1974	2005	2016-04-28	676.93
c66bfd1b2dc9f	1974	2005	2016-05-14	889.89
c66bfd1b2dc9f	1974	2005	2016-05-24	701.07
c66bfd1b2dc9f	1974	2005	2016-06-02	1141.86
c66bfd1b2dc9f	1974	2005	2016-06-17	808.15
50cd8b9f43cfa	1977	678	2016-05-04	312.25
99a12406854e2	1980	1396	2016-04-01	1164.37
99a12406854e2	1980	1396	2016-04-20	1016.62
99a12406854e2	1980	1396	2016-05-09	965.81
99a12406854e2	1980	1396	2016-05-20	583.26
99a12406854e2	1980	1396	2016-06-03	654.95
99a12406854e2	1980	1396	2016-06-21	769.07
9c8d0a269968a	1985	1516	2016-04-11	536.86
9a828e73ae58a	1950	3120	2016-05-27	473.56
3e4344705f694	1966	3943	2016-06-08	677.28
3e4344705f694	1966	3943	2016-06-16	402.15
d5f3a7e12aad6	1979	383	2016-04-08	748.83
d5f3a7e12aad6	1979	383	2016-04-15	890.28
d5f3a7e12aad6	1979	383	2016-04-21	650.22
d5f3a7e12aad6	1979	383	2016-04-26	993.46
d5f3a7e12aad6	1979	383	2016-05-03	1020.5
d5f3a7e12aad6	1979	383	2016-05-13	818.06
d5f3a7e12aad6	1979	383	2016-05-19	1024.37
d5f3a7e12aad6	1979	383	2016-05-26	1042.63
d5f3a7e12aad6	1979	383	2016-06-03	909.11
d5f3a7e12aad6	1979	383	2016-06-10	955.5
d5f3a7e12aad6	1979	383	2016-06-17	962.76
d5f3a7e12aad6	1979	383	2016-06-24	856.07
dcc05da51ff97	1982	1363	2016-04-27	822.5
dcc05da51ff97	1982	1363	2016-05-04	695.68
dcc05da51ff97	1982	1363	2016-06-20	840.01
4e92f943e783e	1983	195	2016-04-07	1431.9
4e92f943e783e	1983	195	2016-04-14	1472.6
4e92f943e783e	1983	195	2016-04-22	1386.55
4e92f943e783e	1983	195	2016-04-29	1366.93
4e92f943e783e	1983	195	2016-05-06	922.57
4e92f943e783e	1983	195	2016-05-18	1039.14
4e92f943e783e	1983	195	2016-05-27	872.14
651990d607a98	1982	374	2016-04-04	666.52
651990d607a98	1982	374	2016-04-11	479.16
651990d607a98	1982	374	2016-04-19	656.77
651990d607a98	1982	374	2016-05-23	662.45
2f4f2d8860149	1983	681	2016-04-20	416.27
2f4f2d8860149	1983	681	2016-06-03	501.5
bb1b896a41115	1982	1364	2016-06-03	287.83
bb1b896a41115	1982	1364	2016-06-27	467.49
cd0f0e689a63c	1974	279	2016-04-29	904.29
cd0f0e689a63c	1974	279	2016-05-10	544.25
cd0f0e689a63c	1974	279	2016-06-15	505.23
d0daf9f5fa7cd	1991	367	2016-04-18	245.78
d0daf9f5fa7cd	1991	367	2016-05-09	241.66
d0daf9f5fa7cd	1991	367	2016-05-23	534.18
3cc7af2ef1664	1980	559	2016-05-23	582.91
3cc7af2ef1664	1980	559	2016-05-30	898.02
3cc7af2ef1664	1980	559	2016-06-06	724.28
3cc7af2ef1664	1980	559	2016-06-13	647.78
97625f761a232	1981	2070	2016-04-08	982.66
97625f761a232	1981	2070	2016-04-15	1069.13
97625f761a232	1981	2070	2016-05-13	833.21
97625f761a232	1981	2070	2016-05-30	674.21
97625f761a232	1981	2070	2016-06-06	629.69
97625f761a232	1981	2070	2016-06-10	602.57
97625f761a232	1981	2070	2016-06-17	938.76
065a9497328d1	1983	576	2016-04-08	170.49
065a9497328d1	1983	576	2016-04-08	179.12
065a9497328d1	1983	576	2016-05-14	202.96
b66e90425b568	1986	2032	2016-05-12	277.73
1a0690887aac0	1952	575	2016-04-14	420.84
1a0690887aac0	1952	575	2016-05-26	390.04
98389ad489932	1991	485	2016-04-07	201.07
6feb0b0f22109	1980	1450	2016-05-12	756.01
6feb0b0f22109	1980	1450	2016-05-30	887.61
12ba9b2fd63d9	1965	2073	2016-04-07	344.11
12ba9b2fd63d9	1965	2073	2016-04-14	475.12
12ba9b2fd63d9	1965	2073	2016-04-21	428.84
3daac741dd24f	1975	585	2016-04-09	511.55
3daac741dd24f	1975	585	2016-04-11	830.61
3daac741dd24f	1975	585	2016-04-14	709.82
3daac741dd24f	1975	585	2016-04-18	1013.47
3daac741dd24f	1975	585	2016-05-02	1129.79
3daac741dd24f	1975	585	2016-05-06	614.6
3daac741dd24f	1975	585	2016-05-13	1116.53
3daac741dd24f	1975	585	2016-05-14	675.43
3daac741dd24f	1975	585	2016-05-20	699.12
3daac741dd24f	1975	585	2016-06-08	696.82
3daac741dd24f	1975	585	2016-06-14	604.61
3daac741dd24f	1975	585	2016-06-24	1244.33
ce22c391f95b6	1988	1415	2016-06-03	242.05
ce22c391f95b6	1988	1415	2016-06-07	292.23
ce22c391f95b6	1988	1415	2016-06-11	474.25
ce22c391f95b6	1988	1415	2016-06-14	526.13
ce22c391f95b6	1988	1415	2016-06-17	512.54
ce22c391f95b6	1988	1415	2016-06-22	340.41
128836c284500	1982	376	2016-05-27	304.91
128836c284500	1982	376	2016-06-03	293.72
5470902740612	1965	1352	2016-05-09	903.9
5470902740612	1965	1352	2016-05-14	617.46
5470902740612	1965	1352	2016-05-30	661.5
fca815a398693	1982	1747	2016-04-08	452.1
fca815a398693	1982	1747	2016-04-18	599.92
fca815a398693	1982	1747	2016-05-12	1446.41
fca815a398693	1982	1747	2016-06-23	1149.18
204983c60b076	1987	1153	2016-04-25	609.18
17f8b65b98fff	1982	1162	2016-04-17	497.6
2dbfce1c0d433	1983	368	2016-04-01	622.03
2dbfce1c0d433	1983	368	2016-04-07	603.63
2dbfce1c0d433	1983	368	2016-04-14	667.7
2dbfce1c0d433	1983	368	2016-04-21	417.35
2dbfce1c0d433	1983	368	2016-04-28	568
2dbfce1c0d433	1983	368	2016-05-06	574.16
2dbfce1c0d433	1983	368	2016-05-13	744.37
2dbfce1c0d433	1983	368	2016-05-20	555.57
2dbfce1c0d433	1983	368	2016-05-26	530.75
2dbfce1c0d433	1983	368	2016-06-02	697.07
2dbfce1c0d433	1983	368	2016-06-10	601.97
2dbfce1c0d433	1983	368	2016-06-16	531.02
c7b676a995e60	1981	652	2016-04-12	167.05
0c9750154b489	1982	376	2016-04-22	1002.43
0c9750154b489	1982	376	2016-05-02	1114.75
0c9750154b489	1982	376	2016-05-09	1051.14
0c9750154b489	1982	376	2016-05-31	1081.06
0c9750154b489	1982	376	2016-06-06	821.96
0c9750154b489	1982	376	2016-06-21	1059.02
0c9750154b489	1982	376	2016-06-27	734.55
4c4c428d81f7b	1981	1389	2016-05-19	527.14
4c4c428d81f7b	1981	1389	2016-05-24	1186.42
042af52ed88c7	1976	477	2016-04-06	707.45
042af52ed88c7	1976	477	2016-04-11	980.48
042af52ed88c7	1976	477	2016-04-27	718.99
042af52ed88c7	1976	477	2016-05-09	1019.76
042af52ed88c7	1976	477	2016-05-21	494.61
042af52ed88c7	1976	477	2016-05-31	894.42
042af52ed88c7	1976	477	2016-06-08	885.57
042af52ed88c7	1976	477	2016-06-15	901.55
0598d894442a9	1994	682	2016-06-13	176.99
bfe7cd3d57722	1989	3089	2016-04-01	1388.55
bfe7cd3d57722	1989	3089	2016-04-08	0
bfe7cd3d57722	1989	3089	2016-04-21	739.73
bfe7cd3d57722	1989	3089	2016-05-06	862.79
ea17a55f4cb2d	1984	778	2016-05-14	1213.36
ea17a55f4cb2d	1984	778	2016-05-10	572.5
72e8844eeded8	1974	1352	2016-04-04	555.2
72e8844eeded8	1974	1352	2016-04-10	768.7
72e8844eeded8	1974	1352	2016-04-18	695.12
72e8844eeded8	1974	1352	2016-04-24	758.14
72e8844eeded8	1974	1352	2016-05-02	245.36
72e8844eeded8	1974	1352	2016-05-08	494.63
72e8844eeded8	1974	1352	2016-05-29	624.61
72e8844eeded8	1974	1352	2016-06-05	570.81
e8396563843d2	1983	362	2016-05-27	177.03
8d93cbcdb326d	1976	1162	2016-04-20	294.76
1ec1d262ae26f	1983	1165	2016-04-06	2333.47
1ec1d262ae26f	1983	1165	2016-04-19	412.36
b6a3b4b09bd8a	1956	2317	2016-05-26	526.24
3ea192ab2999a	1979	1413	2016-04-13	312.35
3ea192ab2999a	1979	1413	2016-04-21	946.96
2b2d7a5c753c5	1994	372	2016-05-19	240.29
2b2d7a5c753c5	1994	372	2016-06-03	238.08
af0e7b8daf916	1975	263	2016-06-01	997.93
c35872fed4196	1974	1251	2016-05-27	360.66
21c4ac0e8feea	1968	1487	2016-05-05	1279.89
5dff0acf9477b	1981	3413	2016-04-05	772.11
5dff0acf9477b	1981	3413	2016-04-15	1252.43
5dff0acf9477b	1981	3413	2016-05-06	1359.32
2dc91b7ebce3a	1973	2614	2016-04-07	839.38
2dc91b7ebce3a	1973	2614	2016-04-15	802.98
2dc91b7ebce3a	1973	2614	2016-04-28	834.65
2dc91b7ebce3a	1973	2614	2016-05-19	575.74
2dc91b7ebce3a	1973	2614	2016-05-26	859.05
f8f88d13ac924	1978	1359	2016-04-01	712.35
f8f88d13ac924	1978	1359	2016-04-14	935.93
f8f88d13ac924	1978	1359	2016-04-27	812.1
f8f88d13ac924	1978	1359	2016-05-10	717.96
f8f88d13ac924	1978	1359	2016-05-25	925.59
f8f88d13ac924	1978	1359	2016-06-14	857.46
b23f772d3e95a	1961	1354	2016-04-12	946.4
b23f772d3e95a	1961	1354	2016-04-26	850.68
b23f772d3e95a	1961	1354	2016-05-11	837.12
b23f772d3e95a	1961	1354	2016-05-26	889.11
b23f772d3e95a	1961	1354	2016-06-08	949.93
b23f772d3e95a	1961	1354	2016-06-22	1206.96
82fa9eae2910c	1975	3045	2016-06-13	525.13
82fa9eae2910c	1975	3045	2016-06-20	729.22
82fa9eae2910c	1975	3045	2016-06-27	480.92
65ad01c7e3ad1	1982	1363	2016-04-01	452.28
65ad01c7e3ad1	1982	1363	2016-04-16	776.39
a972f25b0150c	1975	1362	2016-04-29	1171.5
a972f25b0150c	1975	1362	2016-05-04	941.62
a972f25b0150c	1975	1362	2016-05-13	1702.15
a972f25b0150c	1975	1362	2016-05-19	886.18
a972f25b0150c	1975	1362	2016-05-26	889.07
a972f25b0150c	1975	1362	2016-06-02	801.52
a972f25b0150c	1975	1362	2016-06-09	998.24
a972f25b0150c	1975	1362	2016-06-17	1114.14
a972f25b0150c	1975	1362	2016-06-23	1219.29
a972f25b0150c	1975	1362	2016-06-30	1029.79
e8895e01be6ab	1971	674	2016-04-19	264.67
8ee791cfc8c86	1982	1163	2016-04-04	394.15
8ee791cfc8c86	1982	1163	2016-04-08	566.39
8ee791cfc8c86	1982	1163	2016-04-11	682.65
8ee791cfc8c86	1982	1163	2016-04-18	465.46
8ee791cfc8c86	1982	1163	2016-05-02	799.34
8ee791cfc8c86	1982	1163	2016-05-10	734.89
8ee791cfc8c86	1982	1163	2016-05-14	415.63
8ee791cfc8c86	1982	1163	2016-05-20	360.2
8ee791cfc8c86	1982	1163	2016-05-30	638.78
8ee791cfc8c86	1982	1163	2016-06-07	480.01
8ee791cfc8c86	1982	1163	2016-06-13	697.41
8ee791cfc8c86	1982	1163	2016-06-20	777.58
8ee791cfc8c86	1982	1163	2016-06-27	708.2
5bc5e06fb7afe	1975	493	2016-04-08	1350.22
5bc5e06fb7afe	1975	493	2016-04-21	1179.11
5bc5e06fb7afe	1975	493	2016-04-30	1218.63
5bc5e06fb7afe	1975	493	2016-05-10	1185.59
5bc5e06fb7afe	1975	493	2016-06-22	1561.74
32092108653be	1983	2320	2016-05-19	530.22
c52cb8c0ffa98	1987	1353	2016-04-06	453.7
c52cb8c0ffa98	1987	1353	2016-04-13	500.83
c52cb8c0ffa98	1987	1353	2016-04-26	456.87
c52cb8c0ffa98	1987	1353	2016-05-10	869.76
e4c72bba4b592	1991	1156	2016-05-26	167.92
d7d69765074c7	1974	1352	2016-04-04	428.97
d7d69765074c7	1974	1352	2016-04-26	477.15
d7d69765074c7	1974	1352	2016-05-30	212.7
d7d69765074c7	1974	1352	2016-06-13	366.44
d7d69765074c7	1974	1352	2016-06-16	229.73
9c468d0b959f9	1965	882	2016-06-18	854.04
b03f58d18a76a	1983	468	2016-04-27	176.9
b03f58d18a76a	1983	468	2016-06-06	234.79
bc22a83fca058	1978	1086	2016-04-09	369.72
bc22a83fca058	1978	1086	2016-04-27	390.15
bc22a83fca058	1978	1086	2016-06-12	243.26
ce605fd133f1e	1983	456	2016-04-12	248.36
ce605fd133f1e	1983	456	2016-04-25	335.78
ce605fd133f1e	1983	456	2016-05-10	281.25
ce605fd133f1e	1983	456	2016-05-23	345.85
c00b68dbf4df0	1986	1481	2016-04-11	310.57
c00b68dbf4df0	1986	1481	2016-04-25	533.97
c00b68dbf4df0	1986	1481	2016-05-18	385.51
c00b68dbf4df0	1986	1481	2016-05-30	289.1
c00b68dbf4df0	1986	1481	2016-06-06	368.57
c00b68dbf4df0	1986	1481	2016-06-27	170.15
9da1ea2fbb9bb	1973	196	2016-06-06	318.38
68ac1f4dfba8e	1953	955	2016-04-14	329.59
68ac1f4dfba8e	1953	955	2016-06-03	583.66
88ce66ef9a4a0	1981	1258	2016-05-23	675.27
88ce66ef9a4a0	1981	1258	2016-05-31	426.64
88ce66ef9a4a0	1981	1258	2016-06-14	691.42
49729e0cdf9cd	1977	3046	2016-05-06	184.52
104c95cd97d88	1972	754	2016-04-04	511.84
104c95cd97d88	1972	754	2016-04-06	203.91
104c95cd97d88	1972	754	2016-04-27	694.82
104c95cd97d88	1972	754	2016-04-30	653.58
104c95cd97d88	1972	754	2016-06-13	391.04
d980528098a4b	1994	1420	2016-06-02	622.95
1411567463caa	1980	283	2016-06-16	504.7
1411567463caa	1980	283	2016-06-23	312.33
1a7db13d3dff1	1978	971	2016-04-27	177.11
f472d785c61cd	1962	1178	2016-04-06	408.62
f472d785c61cd	1962	1178	2016-05-03	256.29
f472d785c61cd	1962	1178	2016-05-09	724.02
0b6013f0ba44f	1980	687	2016-04-08	554.65
2cabea94ccd90	1982	784	2016-05-30	534.98
ffb2549ab7ded	1969	282	2016-04-02	1007.83
ffb2549ab7ded	1969	282	2016-04-08	988.56
ffb2549ab7ded	1969	282	2016-04-15	746.61
ffb2549ab7ded	1969	282	2016-04-26	945.67
ffb2549ab7ded	1969	282	2016-05-10	638.7
ffb2549ab7ded	1969	282	2016-05-19	812.91
6fde939de1c08	1981	1363	2016-04-18	1011.65
6fde939de1c08	1981	1363	2016-04-25	749.34
6fde939de1c08	1981	1363	2016-05-03	442.5
6fde939de1c08	1981	1363	2016-05-18	445.27
6fde939de1c08	1981	1363	2016-05-23	591.66
6fde939de1c08	1981	1363	2016-05-30	630.06
6fde939de1c08	1981	1363	2016-06-03	666.32
6fde939de1c08	1981	1363	2016-06-06	587.76
6fde939de1c08	1981	1363	2016-06-13	490.85
6fde939de1c08	1981	1363	2016-06-20	575.85
6fde939de1c08	1981	1363	2016-06-27	531.67
5d75cea331310	1982	3474	2016-05-31	586.4
5b905a8f2b990	1972	260	2016-06-15	418.62
5b905a8f2b990	1972	260	2016-06-27	329.32
a865dc6f5b1f9	1980	1465	2016-04-21	404.58
a865dc6f5b1f9	1980	1465	2016-04-23	107.8
a865dc6f5b1f9	1980	1465	2016-04-29	174.42
a865dc6f5b1f9	1980	1465	2016-05-12	320.86
a865dc6f5b1f9	1980	1465	2016-05-14	205.42
a865dc6f5b1f9	1980	1465	2016-05-31	177.2
a865dc6f5b1f9	1980	1465	2016-06-23	110.03
ebe2d3b02db0a	1982	1434	2016-04-13	744.1
ebe2d3b02db0a	1982	1434	2016-04-20	629.41
ebe2d3b02db0a	1982	1434	2016-05-14	772.54
ebe2d3b02db0a	1982	1434	2016-06-05	562.67
46cebd4be2f0f	1988	678	2016-04-12	246.83
de0de232180fd	1986	1162	2016-04-20	452.67
de0de232180fd	1986	1162	2016-04-30	684.26
de0de232180fd	1986	1162	2016-05-26	440.98
fe9ea3bd47e01	1975	252	2016-05-10	177
fe9ea3bd47e01	1975	252	2016-06-16	189.84
66c7603023620	1979	1363	2016-04-01	936.57
66c7603023620	1979	1363	2016-04-09	507.93
66c7603023620	1979	1363	2016-04-15	507.97
66c7603023620	1979	1363	2016-04-23	612.23
66c7603023620	1979	1363	2016-05-23	1039.62
66c7603023620	1979	1363	2016-06-10	511.52
8a184f53bd21d	1976	1615	2016-04-01	1124.28
77dabd3aa40c4	1981	3470	2016-04-05	150.84
77dabd3aa40c4	1981	3470	2016-04-29	212.85
77dabd3aa40c4	1981	3470	2016-05-06	277.78
77dabd3aa40c4	1981	3470	2016-05-14	338.95
77dabd3aa40c4	1981	3470	2016-05-20	404.57
77dabd3aa40c4	1981	3470	2016-06-17	434.5
be1a4ae7ef3d7	1935	1671	2016-06-01	356.42
be1a4ae7ef3d7	1935	1671	2016-06-08	333.57
be1a4ae7ef3d7	1935	1671	2016-06-22	523.09
be1a4ae7ef3d7	1935	1671	2016-06-29	360.54
33bd0448db452	1973	376	2016-04-25	1064.58
33bd0448db452	1973	376	2016-05-09	843.86
51ca772882c73	1974	773	2016-05-02	579.65
51ca772882c73	1974	773	2016-05-10	289.37
0aa1779ef5cec	1974	375	2016-04-06	746.25
0aa1779ef5cec	1974	375	2016-04-11	483.66
0aa1779ef5cec	1974	375	2016-04-19	969.33
0aa1779ef5cec	1974	375	2016-04-25	513.22
0aa1779ef5cec	1974	375	2016-05-10	775.96
0aa1779ef5cec	1974	375	2016-05-22	742.63
0aa1779ef5cec	1974	375	2016-06-01	535.61
0aa1779ef5cec	1974	375	2016-06-13	552.58
0aa1779ef5cec	1974	375	2016-06-20	704.55
60b4b35f0ade8	1995	1182	2016-05-09	1449.4
60b4b35f0ade8	1995	1182	2016-06-23	2039.22
15ade7a116d18	1977	557	2016-05-04	839.4
07d8f96fe33dd	1975	662	2016-04-04	406.44
07d8f96fe33dd	1975	662	2016-04-11	452.24
07d8f96fe33dd	1975	662	2016-04-19	424.14
07d8f96fe33dd	1975	662	2016-04-26	584.56
07d8f96fe33dd	1975	662	2016-05-03	430.84
07d8f96fe33dd	1975	662	2016-05-09	593.05
07d8f96fe33dd	1975	662	2016-05-24	345.05
07d8f96fe33dd	1975	662	2016-05-31	418.45
07d8f96fe33dd	1975	662	2016-06-06	337.65
07d8f96fe33dd	1975	662	2016-06-13	805.3
07d8f96fe33dd	1975	662	2016-06-20	814.16
4f76b87916356	1994	1356	2016-04-27	223.22
8b33da2cb9c0c	1975	1383	2016-04-04	440.36
8b33da2cb9c0c	1975	1383	2016-04-11	667.32
8b33da2cb9c0c	1975	1383	2016-04-18	989.21
8b33da2cb9c0c	1975	1383	2016-04-25	512.03
8b33da2cb9c0c	1975	1383	2016-05-02	749.8
8b33da2cb9c0c	1975	1383	2016-05-10	1738.8
8b33da2cb9c0c	1975	1383	2016-05-23	762.64
8b33da2cb9c0c	1975	1383	2016-05-30	675.24
8b33da2cb9c0c	1975	1383	2016-06-07	901.73
8b33da2cb9c0c	1975	1383	2016-06-13	522.73
8b33da2cb9c0c	1975	1383	2016-06-20	474.53
ee1d71e3e16cf	1996	373	2016-06-30	186.43
73f8e45a30f3c	1984	682	2016-04-01	425.32
73f8e45a30f3c	1984	682	2016-04-13	887.9
a945904649c47	1991	3303	2016-05-03	323.44
a945904649c47	1991	3303	2016-05-10	247.46
9c7695f9c6c1a	1972	588	2016-05-27	269.59
ea3035f5eb898	1936	1369	2016-04-11	674.25
ea3035f5eb898	1936	1369	2016-04-26	638.4
ea3035f5eb898	1936	1369	2016-05-12	569.26
ea3035f5eb898	1936	1369	2016-05-27	631.64
ea3035f5eb898	1936	1369	2016-06-21	589.67
dcd14bd29fe10	1972	1400	2016-04-18	939.86
45f276bc6802a	1979	492	2016-04-08	449.95
45f276bc6802a	1979	492	2016-04-22	368.53
45f276bc6802a	1979	492	2016-04-30	390.6
45f276bc6802a	1979	492	2016-05-23	450.18
45f276bc6802a	1979	492	2016-05-27	363.45
45f276bc6802a	1979	492	2016-06-01	490.11
45f276bc6802a	1979	492	2016-06-09	477.71
45f276bc6802a	1979	492	2016-06-14	476.95
62d6761d8ee71	1981	1415	2016-05-20	1159.22
62d6761d8ee71	1981	1415	2016-05-26	638.58
62d6761d8ee71	1981	1415	2016-06-09	857.75
62d6761d8ee71	1981	1415	2016-06-17	1140.41
62d6761d8ee71	1981	1415	2016-06-24	667.92
302221f2ba333	1978	372	2016-05-03	747.91
c2963aa484b47	1988	1415	2016-04-07	229.55
c2963aa484b47	1988	1415	2016-05-03	366.02
44de2156ae832	1972	658	2016-05-14	460.42
44de2156ae832	1972	658	2016-05-19	463.79
44de2156ae832	1972	658	2016-06-09	484.88
7e52a1d520a67	1983	681	2016-04-04	664.49
7e52a1d520a67	1983	681	2016-04-11	1149.57
7e52a1d520a67	1983	681	2016-04-18	1118.83
7e52a1d520a67	1983	681	2016-04-25	666.51
7e52a1d520a67	1983	681	2016-05-23	626.07
7e52a1d520a67	1983	681	2016-06-20	703.37
9fef69ee186b7	1987	1407	2016-06-10	177.96
9fef69ee186b7	1987	1407	2016-06-10	229.59
9fef69ee186b7	1987	1407	2016-06-11	225.79
1274a0538a9a0	1979	1390	2016-04-08	593.37
1274a0538a9a0	1979	1390	2016-04-19	1572.24
1274a0538a9a0	1979	1390	2016-05-23	437.83
1274a0538a9a0	1979	1390	2016-06-23	2113.02
52b2277fed484	1979	361	2016-04-01	313.55
52b2277fed484	1979	361	2016-04-05	588.57
52b2277fed484	1979	361	2016-04-11	541.98
52b2277fed484	1979	361	2016-04-13	540.29
52b2277fed484	1979	361	2016-04-18	525.39
52b2277fed484	1979	361	2016-04-21	305.4
52b2277fed484	1979	361	2016-04-25	526.22
52b2277fed484	1979	361	2016-04-29	658.61
52b2277fed484	1979	361	2016-05-08	753.95
52b2277fed484	1979	361	2016-05-14	792.3
52b2277fed484	1979	361	2016-05-19	564.01
52b2277fed484	1979	361	2016-05-23	441.06
52b2277fed484	1979	361	2016-05-27	562.1
52b2277fed484	1979	361	2016-05-30	576.01
52b2277fed484	1979	361	2016-06-01	664.83
52b2277fed484	1979	361	2016-06-06	659.79
52b2277fed484	1979	361	2016-06-10	248.39
52b2277fed484	1979	361	2016-06-13	623.68
52b2277fed484	1979	361	2016-06-16	376.68
52b2277fed484	1979	361	2016-06-20	675.21
52b2277fed484	1979	361	2016-06-24	306.63
52b2277fed484	1979	361	2016-06-28	545.63
d1ee78c40570e	1980	1364	2016-05-03	991.43
d1ee78c40570e	1980	1364	2016-05-13	977.46
d1ee78c40570e	1980	1364	2016-05-23	667.88
6b6dbfda484e4	1987	1359	2016-04-01	1149.15
6b6dbfda484e4	1987	1359	2016-04-12	1041.34
6b6dbfda484e4	1987	1359	2016-04-22	1183.85
6b6dbfda484e4	1987	1359	2016-05-07	981.44
6b6dbfda484e4	1987	1359	2016-05-22	944.1
6b6dbfda484e4	1987	1359	2016-06-14	1075.2
6b6dbfda484e4	1987	1359	2016-06-26	931.44
582772432d065	1983	575	2016-04-14	833.72
582772432d065	1983	575	2016-05-26	1155.84
65b2f7e68250b	1986	1154	2016-04-18	664.17
65b2f7e68250b	1986	1154	2016-04-25	593.14
65b2f7e68250b	1986	1154	2016-05-06	351.09
1e4916aadefba	1961	2387	2016-04-21	283.22
1e4916aadefba	1961	2387	2016-05-26	654.02
42e32bd850972	1990	368	2016-06-27	314.87
e8151d648daf6	1986	871	2016-04-29	653.27
e8151d648daf6	1986	871	2016-05-06	733.48
e8151d648daf6	1986	871	2016-05-20	1048.28
e8151d648daf6	1986	871	2016-05-26	696.61
e8151d648daf6	1986	871	2016-06-04	582
e8151d648daf6	1986	871	2016-06-17	561.2
e8151d648daf6	1986	871	2016-06-24	617.59
d15504f827731	1971	364	2016-06-03	177.78
c073ef671c5d2	1976	1068	2016-05-11	374.45
c073ef671c5d2	1976	1068	2016-05-19	632.95
c073ef671c5d2	1976	1068	2016-05-24	507.75
c073ef671c5d2	1976	1068	2016-06-02	439.98
c073ef671c5d2	1976	1068	2016-06-17	667.4
c073ef671c5d2	1976	1068	2016-06-28	393.34
dbd72528e7d77	1983	1407	2016-04-16	72.22
dbd72528e7d77	1983	1407	2016-04-22	542.52
dbd72528e7d77	1983	1407	2016-04-25	221.84
dbd72528e7d77	1983	1407	2016-05-11	491.32
4efdc4e047487	1984	1400	2016-04-11	373.27
4efdc4e047487	1984	1400	2016-04-20	345.91
4efdc4e047487	1984	1400	2016-05-05	364.98
4efdc4e047487	1984	1400	2016-06-09	282.72
286aea809b6e3	1981	485	2016-06-01	334.17
286aea809b6e3	1981	485	2016-06-16	483.18
f23d61a2933d9	1974	980	2016-04-13	186.33
f23d61a2933d9	1974	980	2016-04-19	207.43
2dd2be6470717	1983	1621	2016-04-05	367.32
13274142a8650	1969	1165	2016-06-06	903.7
d6d0a7d899c76	1981	1405	2016-05-25	1168.86
d6d0a7d899c76	1981	1405	2016-06-03	1303.49
49a5d8080b52d	1993	276	2016-04-10	685.83
49a5d8080b52d	1993	276	2016-05-30	523.52
49a5d8080b52d	1993	276	2016-06-17	416.38
49a5d8080b52d	1993	276	2016-06-30	723.77
cd0f828244e8c	1975	591	2016-04-01	1109.03
cd0f828244e8c	1975	591	2016-04-04	388.56
cd0f828244e8c	1975	591	2016-04-10	529.63
cd0f828244e8c	1975	591	2016-04-16	1494.23
cd0f828244e8c	1975	591	2016-04-24	846.35
cd0f828244e8c	1975	591	2016-04-28	755.29
cd0f828244e8c	1975	591	2016-05-12	1346.84
cd0f828244e8c	1975	591	2016-05-20	256.77
cd0f828244e8c	1975	591	2016-05-24	1255.63
cd0f828244e8c	1975	591	2016-05-29	1069.88
cd0f828244e8c	1975	591	2016-06-04	967.35
cd0f828244e8c	1975	591	2016-06-08	936.65
cd0f828244e8c	1975	591	2016-06-12	610.32
cd0f828244e8c	1975	591	2016-06-20	910.68
cd0f828244e8c	1975	591	2016-06-25	747.87
cd0f828244e8c	1975	591	2016-06-28	446.8
149ee6c64bd77	1977	1185	2016-04-04	425.58
149ee6c64bd77	1977	1185	2016-04-12	468.31
149ee6c64bd77	1977	1185	2016-04-25	565.93
149ee6c64bd77	1977	1185	2016-05-02	544.17
149ee6c64bd77	1977	1185	2016-05-09	433.38
149ee6c64bd77	1977	1185	2016-05-23	311.44
149ee6c64bd77	1977	1185	2016-05-30	399.12
149ee6c64bd77	1977	1185	2016-06-21	543.71
149ee6c64bd77	1977	1185	2016-06-27	259.71
b017a6330a016	1970	1367	2016-04-07	983.23
b017a6330a016	1970	1367	2016-04-14	952.36
b017a6330a016	1970	1367	2016-04-21	926.69
b017a6330a016	1970	1367	2016-04-28	882.59
b017a6330a016	1970	1367	2016-05-04	1093.97
b017a6330a016	1970	1367	2016-05-12	1318.95
b017a6330a016	1970	1367	2016-05-19	1038.49
b017a6330a016	1970	1367	2016-05-25	894.11
b017a6330a016	1970	1367	2016-06-02	1279.29
b017a6330a016	1970	1367	2016-06-09	1236.97
b017a6330a016	1970	1367	2016-06-16	1159.72
b017a6330a016	1970	1367	2016-06-22	1157.45
b017a6330a016	1970	1367	2016-06-29	1133.81
76e5c268cff0d	1976	1364	2016-04-01	177.24
76e5c268cff0d	1976	1364	2016-04-11	285.53
76e5c268cff0d	1976	1364	2016-04-22	301.99
76e5c268cff0d	1976	1364	2016-05-24	412.7
36a6dd055c797	1982	1532	2016-05-25	590.75
81402e68e74f8	1973	577	2016-04-08	519.93
81402e68e74f8	1973	577	2016-05-12	374.53
81402e68e74f8	1973	577	2016-06-23	447.01
0bec27bd353db	1976	1481	2016-04-17	280.26
b09942c06c906	1957	1405	2016-04-19	610.38
b09942c06c906	1957	1405	2016-05-06	947.4
d001c15dc0bb4	1978	159	2016-06-10	1115.59
d001c15dc0bb4	1978	159	2016-06-10	4288.13
841916f322bc1	1983	2211	2016-04-11	552.04
841916f322bc1	1983	2211	2016-04-17	384.94
841916f322bc1	1983	2211	2016-05-11	514.35
841916f322bc1	1983	2211	2016-06-03	367.59
841916f322bc1	1983	2211	2016-06-26	592.68
a1bb408c48cd5	1975	774	2016-06-27	486.96
4fd1e8815625d	1975	1405	2016-04-05	731.14
4fd1e8815625d	1975	1405	2016-05-18	1317.62
4fd1e8815625d	1975	1405	2016-05-25	716.22
4fd1e8815625d	1975	1405	2016-05-26	677.63
cfaa903df8f51	1979	2069	2016-04-20	1019.46
9a10f80431fbc	1978	1920	2016-06-06	337.81
1146ab3aacc88	1980	775	2016-04-04	432.3
1146ab3aacc88	1980	775	2016-04-11	748.06
1146ab3aacc88	1980	775	2016-05-24	699.37
1146ab3aacc88	1980	775	2016-05-31	287.37
1146ab3aacc88	1980	775	2016-06-07	404.21
1146ab3aacc88	1980	775	2016-06-28	611.51
de25e9c396c08	1976	3021	2016-04-11	1058
de25e9c396c08	1976	3021	2016-05-19	673.62
3c554999c908a	1990	1405	2016-04-04	521.84
a8b884b38f6ea	1995	367	2016-06-28	253.01
ac1f6891a2405	1976	284	2016-05-25	733.75
ac1f6891a2405	1976	284	2016-06-16	1238.75
b09095914b064	1989	571	2016-04-17	605.03
b09095914b064	1989	571	2016-04-24	809.98
b09095914b064	1989	571	2016-05-25	372.89
b09095914b064	1989	571	2016-06-05	586.65
b09095914b064	1989	571	2016-06-14	613.48
b09095914b064	1989	571	2016-06-19	545.26
6532d98c9deca	1980	286	2016-04-12	281.17
6532d98c9deca	1980	286	2016-04-16	315.96
6532d98c9deca	1980	286	2016-05-23	279.44
6532d98c9deca	1980	286	2016-05-27	170.21
6532d98c9deca	1980	286	2016-05-30	251.4
6532d98c9deca	1980	286	2016-06-04	341.49
40f2571f9b108	1986	1156	2016-04-15	970.56
40f2571f9b108	1986	1156	2016-05-27	1125.55
40f2571f9b108	1986	1156	2016-06-24	1009.62
4fc9b79e537c2	1985	1364	2016-06-03	41.69
4fc9b79e537c2	1985	1364	2016-06-07	143.94
c4744ed4e571a	1977	585	2016-04-18	493.45
c4744ed4e571a	1977	585	2016-05-04	668.08
c4744ed4e571a	1977	585	2016-06-08	490.8
e1dc9814a6136	1984	1825	2016-04-11	554.04
61754f3221664	1960	972	2016-05-14	273.39
2fe3029662800	1970	279	2016-05-12	660.89
2fe3029662800	1970	279	2016-06-08	397.04
8cf45f9066020	1980	778	2016-05-28	559.76
8cf45f9066020	1980	778	2016-05-30	245.98
8cf45f9066020	1980	778	2016-06-04	453.42
8cf45f9066020	1980	778	2016-06-08	559.65
8cf45f9066020	1980	778	2016-06-16	435.65
8cf45f9066020	1980	778	2016-06-22	329.02
8cf45f9066020	1980	778	2016-06-29	241.73
0e61c6b48c32b	1972	3086	2016-04-14	1366.41
0e61c6b48c32b	1972	3086	2016-04-21	1390.1
0e61c6b48c32b	1972	3086	2016-04-28	1310.7
0e61c6b48c32b	1972	3086	2016-05-11	1231.43
0e61c6b48c32b	1972	3086	2016-05-25	1349.24
0e61c6b48c32b	1972	3086	2016-06-03	1282.53
0e61c6b48c32b	1972	3086	2016-06-16	1051.81
0e61c6b48c32b	1972	3086	2016-06-23	1275.45
77e0d7dffeb39	1979	280	2016-06-14	901.02
77e0d7dffeb39	1979	280	2016-06-21	433.89
db34530775df1	1971	1165	2016-04-01	490.82
db34530775df1	1971	1165	2016-04-07	588.21
db34530775df1	1971	1165	2016-04-21	672.85
db34530775df1	1971	1165	2016-05-03	593.08
db34530775df1	1971	1165	2016-05-24	367.51
